Country Name,Country Code,1991,1992,1993,1994,1995,1996,1997,1998,1999,2000,2001,2002,2003,2004,2005,2006,2007,2008,2009,2010,2011,2012
Afghanistan,AFG,-1.763668654,-9.239797856,-9.07678961,-9.876490025,-7.122892119,-0.1762904766,6.507283096,10.1001663,18.23392793,8.005549003,0.4580573469,10.49425182,17.41590538,16.97281848,17.89786755,18.52761688,21.90782954,22.03668154,24.15716007,42.01234411,43.5287644,
Angola,AGO,-13.86723254,27.93202689,-21.71262778,-12.10336114,-5.070693491,-7.224122548,-34.86818259,-30.56971951,-28.90792546,-31.54290913,-32.34760864,-32.11431604,-29.4224462,-27.4498294,-29.42692712,-28.40327235,-27.78384032,-26.39472789,-24.59737841,-21.21213139,-19.5405753,-18.00826697
Albania,ALB,-25.54815309,-43.96378346,-45.40333347,-38.86473829,-42.21427539,-44.32165323,-50.50174694,-52.79169648,-41.56712656,-24.50750597,-38.62332055,-32.48229682,-29.50412716,-33.39978706,-25.23541984,-27.76617566,-11.09840794,-26.77960031,-27.03131716,-23.44818626,-21.60075238,-19.92389571
United Arab Emirates,ARE,10.3584509,8.636201136,12.17570806,21.40178045,29.52531989,42.11955235,40.55639384,44.82105202,47.87591477,59.20383584,58.64976331,74.90027001,84.95768116,93.10650035,97.75238359,109.4348989,131.7099741,150.1959977,151.6217263,166.3875175,174.960603,182.6106793
Argentina,ARG,0.2377385638,2.094935181,3.739461491,1.648187806,3.204358665,8.137620926,12.4378557,16.86693738,25.25990975,24.3461322,22.4827046,16.69332595,29.35304954,38.78714275,34.45090119,40.15888577,44.26580132,54.37848988,40.0870453,36.81387061,39.88599043,42.67047235
Armenia,ARM,2.813527887,-41.31563671,-66.18303153,-75.30302185,-72.86537675,-75.76928747,-72.82810327,-72.75752236,-74.16486354,-72.22914128,-72.1129193,-73.87682537,-71.79981982,-69.1326456,-66.02569942,-64.64400207,-62.29782037,-49.57531317,-54.56883479,-53.93013435,-49.78658312,-50.18426544
American Samoa,ASM,2.87334542,5.539695026,7.936224804,10.16981957,12.28065179,14.1388853,15.86720511,17.40639837,52.76532108,133.8214438,149.6553582,151.9368869,154.3416752,156.7068048,159.0657914,161.5232356,164.525697,167.9716857,169.8019172,177.8884027,183.3150361,188.3294664
Antigua and Barbuda,ATG,0.2875173686,-0.206336351,-3.516841287,2.300340406,5.279877983,4.760270261,-2.661037455,1.916235121,8.544741612,7.093031555,7.246388728,9.171472917,12.50381875,20.60629711,21.96764267,24.51811511,28.41783065,32.12827002,,,44.45971162,48.47329374
Australia,AUS,3.534839195,0.9731986138,-0.5877105981,8.320842342,1.450530834,5.512058843,90.96317001,90.91370476,146.7639786,124.18584,157.4166419,131.6927321,112.2478268,137.2689185,88.52691408,132.1451658,120.9470682,85.07826802,129.1460126,62.16162359,62.92721991,57.92847163
Austria,AUT,4.290034555,-0.7661602228,-0.5623623726,-0.101742356,3.311339926,7.278979925,6.130459182,7.379610014,5.064789795,3.56951485,7.533673664,9.456437906,16.06134019,20.65954397,22.19009664,19.79004936,16.83406116,18.50254139,11.53575923,17.95583858,15.6294744,13.30618653
Azerbaijan,AZE,1.121546005,,-32.82171177,-37.95177938,-45.54592457,-50.0989147,-51.77122729,-48.8411522,-48.19539314,-45.39256671,-46.91689286,-48.3991163,-43.50995924,-42.37172701,-39.02787755,-37.90731933,-42.19454559,-31.06895409,-36.45925017,-35.04895639,-30.87686433,-27.60623717
Burundi,BDI,3.012565902,4.426208411,7.956055929,6.354724482,7.145713327,8.853495802,9.319861708,122.551169,-1.115104449,21.43431748,21.14735523,79.69345248,87.88361492,91.87408689,89.4398793,98.40899389,95.70536642,104.5401516,111.718634,115.8311087,119.7973667,123.4550193
Belgium,BEL,3.540060724,2.362803663,0.6422889689,4.733085248,6.411583593,11.2001498,8.440515072,10.37356015,6.982738736,6.657365708,4.832345056,0.1276483504,4.467206308,2.404736602,-0.8533121632,-2.226529954,-4.387643681,-0.4777275344,-4.904699228,0.1137927043,-0.2572333337,-3.263041778
Benin,BEN,-19.10363726,-6.644068111,-12.73973588,-12.65361224,-3.952926818,-4.467265514,-1.957767967,4.903304596,-7.834509184,-14.69434626,-30.03426805,1.20660409,-21.83275454,-32.7603441,2.934091976,-22.8920605,-15.47405343,-20.23406939,-19.32610554,-30.00372564,-29.45331086,-28.93719456
Burkina Faso,BFA,-2.397562013,3.759786224,5.796349439,9.548095179,15.8112947,19.29015777,27.33809782,273.2835213,240.9436746,282.4381677,239.2966017,312.002599,259.750243,256.2206763,293.462741,240.4175208,259.079953,235.0034112,257.773534,257.2205865,259.3129313,261.3724488
Bangladesh,BGD,-0.001328316868,1.518959936,1.736346134,3.625770724,7.739938225,9.710365677,10.58021749,1.916162196,9.172887473,7.348918202,12.66899537,13.50485237,15.56613338,16.31112657,19.24994437,22.58754926,27.10307761,29.99076429,34.11652618,40.09636746,42.45936612,44.67096196
Bulgaria,BGR,-20.72920845,-25.50626627,-27.07284065,-28.93582059,-24.34737272,-23.34562251,-27.34215113,-33.47680674,-39.06299829,-38.7570346,-36.4083545,-41.05526812,-35.21454042,-36.28625176,-36.58498297,-35.32853684,-32.89907942,-33.645137,-39.73979817,-37.13774526,-32.51058881,-37.14016729
Bahrain,BHR,-15.33594315,-10.95949141,-10.09120269,-10.75729776,-10.09127489,-6.241326479,,,5.848652538,,11.73307737,17.10371512,20.46002921,25.80780831,37.42761233,47.31479476,,,71.54465478,81.35299412,87.32970525,92.65536823
Bosnia and Herzegovina,BIH,-9.980245051,-31.10995499,-40.94907293,-79.21525819,-79.00132752,-77.32118202,-61.74992209,-52.60546509,-50.92597735,-28.18035913,-42.26792038,-45.36059312,-40.46418476,-36.13751989,-33.64852127,-27.28847453,-21.2190659,-22.61274109,-21.8614686,-18.19772036,-15.68639253,-13.44313767
Belarus,BLR,-2.063819786,-8.223652346,-17.29837821,-24.5485963,-29.69574822,-29.6015584,-29.18443006,-52.91555901,-52.79975784,-55.02575202,-56.41921416,-51.60657301,-55.75193519,-53.81783743,-51.46493248,-49.04579316,-48.37931413,-45.60206161,-45.1195591,-41.64094725,-41.25430105,-40.86284581
Belize,BLZ,9.073169702,-0.004888447153,-3.876295197,-6.300192127,-4.707789555,-9.285859036,4.734385995,45.9004262,80.75671076,164.9641895,60.1798506,169.0915356,469.6572536,81.13775834,219.6036356,101.7582937,184.8295569,122.5561613,142.5043705,136.8958322,142.8003727,148.1141394
Bermuda,BMU,-10.93699558,-28.68193164,-27.86325427,-24.75965448,-23.92058941,-22.79853344,,-29.28868133,-24.64591607,-20.5204788,-21.87736623,-19.27615912,-16.83860524,-9.341248126,-10.44562375,-8.032170651,,,-14.04347463,-8.930189546,-5.832908381,-3.076035704
Bolivia,BOL,-4.922931706,1.128298247,11.07938176,-18.74684456,-11.56201596,-8.577608755,-7.046551443,-29.39636258,17.24835896,-52.55490552,-67.70023332,-42.53637851,-35.32297984,31.10663542,60.63602771,-14.75811697,18.12457008,-37.70779409,-60.32822516,-46.58561375,222.3440605,222.730662
Brazil,BRA,-2.256686799,2.675521122,10.36173757,-9.385832021,-1.977556993,0.4701194819,2.565323095,40.93590307,-0.6441298641,-23.8810033,-20.46790833,-0.8954177824,1.14215287,22.488853,48.5758817,0.9257757183,68.3154557,-4.5666217,-24.54474128,80.6889399,83.8515352,86.11633574
Barbados,BRB,3.744728881,3.092933891,-5.913409694,-8.894527564,-8.344972604,-9.671424762,-6.387251983,0.7498555287,9.209839206,9.525991915,2.121355184,5.340536598,,,,,,,,,,28.4202694
Bhutan,BTN,-0.2521108399,24.59368748,24.38101519,26.13198558,28.72684745,29.98024541,24.75976967,51.78662695,201.338665,80.42995484,26.03850464,33.39134793,14.64130394,26.80159344,26.38150921,53.60419536,81.74161347,49.06817424,71.14651937,151.5656181,154.6283229,157.5464599
Botswana,BWA,-18.01861725,15.86268987,-31.2437033,-17.12916653,-9.123474501,-23.67458219,-24.47101024,156.4394611,159.657456,196.7340535,306.4053283,284.7302399,30.73263723,78.61779761,80.87420367,225.1655291,95.04013322,446.2548933,71.5532792,510.5715742,512.3571049,513.9965218
Canada,CAN,2.869208211,1.641016289,7.706557579,32.61749838,37.3494714,14.79884998,13.37042148,85.49612854,34.97856198,24.96496546,18.04701282,49.28676573,56.29973467,70.88260266,39.61223621,47.0255633,46.55640438,49.32617035,23.19404191,25.53910073,69.78929693,68.73487187
Switzerland,CHE,2.58900762,1.972082187,-2.706606362,-2.760870305,-3.220481106,-2.610146823,-4.931904856,-3.589261712,-3.800382612,-5.905942945,-4.111136627,-6.022614989,-3.264629399,-2.07689548,-0.9060446233,-1.120327928,-4.045329039,0.4275148981,-2.035377849,1.348343112,-5.899467477,-4.053110896
Chile,CHL,-3.279345727,1.250651445,6.789755513,13.78832963,21.38226525,34.52680314,50.54315914,67.41719031,77.39916427,65.14548794,66.01814751,66.66122117,72.18313001,82.49223369,85.62720046,86.30457507,106.6995422,102.8512353,101.7247819,108.8149428,114.9846247,120.5139441
China,CHN,3.661683576,7.188324812,12.98889939,18.51719081,29.53428973,33.11874998,31.36741813,32.0789043,30.48336917,30.56125648,32.18471457,40.6465907,59.96614779,82.82137879,100.4671666,120.2443062,134.3901334,157.4585442,172.7498305,187.3039783,209.9220846,219.9524772
Cote d'Ivoire,CIV,-18.57226467,-6.347618042,-12.28050251,-12.35262509,-3.122694572,-4.717444485,-2.150890939,-83.5986459,-84.02295171,-80.65530542,-81.21939647,-81.16239867,-85.27788694,-84.93321682,-82.73151662,-82.09680889,-81.69550497,-80.49794927,-79.83895368,-78.63001033,-78.30003177,-77.98815553
Cameroon,CMR,-17.07088499,-6.506810173,-11.13662794,-14.69965647,-6.95777624,-8.565701387,-6.940252754,61.68072219,38.12673986,67.18916519,21.92666296,31.45675984,71.19594333,0.03166323253,64.75664598,26.9926756,23.34776078,23.94798041,19.66525879,2.325353889,2.902733896,3.451748715
Colombia,COL,-1.324266791,2.337675609,8.246553955,-2.340137235,2.697961741,5.186922342,7.835539411,-5.198049257,-14.24117623,-5.663240324,-11.80540418,-15.00222799,-6.54610213,0.121428734,-13.63506985,-13.10241315,1.512158387,-3.983359387,-1.424860958,-4.415832031,-2.406787585,-0.5649038728
Comoros,COM,0.3369558796,0.158107962,2.48465889,4.720711369,8.010964359,10.45593964,12.57489534,16.05496265,20.75456555,24.29960849,43.91142655,38.01206916,31.57917578,32.36144815,63.34551025,30.88313786,74.49136718,96.72156702,80.61167376,84.67190612,88.31134155,91.66933933
Cabo Verde,CPV,4.448394945,13.91840866,14.9277824,9.810547094,21.15207294,12.00721597,19.4764136,26.6869313,31.69492623,60.08364082,44.91219495,48.40584594,52.280873,61.15689819,74.20296859,,,77.25703609,80.75489022,,,
Costa Rica,CRI,3.692263888,17.81144503,16.99039951,21.68437224,17.00139001,15.28430526,15.48586483,23.05795068,20.30265653,14.63247501,27.03757823,16.34186584,21.20199931,23.01523144,17.47136561,24.68455494,31.46739964,25.74830837,28.78782417,35.96529703,39.57395088,42.82567901
Cuba,CUB,-10.64922926,-18.79472089,-23.40160728,-20.25863367,-18.3349703,-14.84094646,-12.98199808,-18.45819629,-19.65454005,-18.90897837,-21.97605965,-14.39755342,-14.98972642,-14.83900059,-19.77513298,-20.22737182,-22.84375693,-14.87718341,-11.39222187,-12.72955002,-10.29595995,-8.108686256
Curacao,CUW,,,,,,,,,,,,,,,,,,,,,,
Cayman Islands,CYM,3.345671056,,,,,,,,,,,,,,,,,,,,,
Cyprus,CYP,11.23172891,18.3449641,22.06945001,30.45376635,28.53391621,35.11042352,36.52708458,43.36505631,47.61066008,55.01352224,51.85830912,56.73003004,73.41193076,70.07194241,73.70474348,70.78467302,76.93260808,78.66112537,,,49.15784334,44.84747212
Czech Republic,CZE,-9.079781777,-14.75764051,-19.24554904,-23.03448379,-23.2908475,-21.03124367,-23.82809549,-25.1096154,-27.43144491,-17.42324661,-19.63979799,-22.34090185,-19.55623483,-22.48999431,-24.79799468,-24.6874669,-23.63212322,-26.57105213,-29.72858178,-25.73808399,-26.29549062,-29.17807323
Germany,DEU,-2.950240122,-7.744569801,-8.63346486,-9.564431485,-9.900312962,-8.195067133,-10.60102007,-15.57836308,-18.76344605,-19.08951855,-18.31823002,-19.79732855,-18.99474448,-19.06298786,-21.87660433,-20.80991868,-22.54467475,-21.01450401,-24.33062177,-24.52620374,-25.9963791,-24.23084242
Djibouti,DJI,5.418880839,-2.992646914,-1.725934833,0.1891750678,5.096111173,5.174085227,10.79591973,9.496801401,8.253349729,8.101495838,24.83053035,10.83756295,14.99958023,16.15644067,18.57956797,18.01903115,33.53318568,38.2617768,38.51696482,44.3699232,48.31097527,51.86178515
Dominica,DMA,-0.349540509,-0.492373256,-2.510663935,5.810944221,7.392018255,7.855772768,1.077897671,4.733397061,11.30643022,7.80896109,20.27678576,21.75393002,24.47597929,33.96784954,33.62557258,46.29914991,49.44838109,55.20329012,55.44004125,61.72072326,66.36507182,70.53815331
Denmark,DNK,14.57184192,5.933643181,9.398843483,14.43320174,9.666007142,28.148444,14.77469487,5.188684653,0.6425938898,-5.422558223,-3.316526184,-4.271685482,3.474546236,-5.00700546,-10.57798387,0.3742906973,-6.19561978,-10.09464483,-13.06773187,-12.14742697,-19.40839836,-25.91027262
Dominican Republic,DOM,4.918604334,16.55360436,15.46478771,24.85372155,29.66156103,37.24702636,47.124595,57.83075696,59.14351045,67.58984104,67.14302011,72.06672386,66.85415848,67.60039444,72.03418194,74.31597278,78.77111766,80.25883283,79.3987201,86.27390634,91.62325518,96.42837607
Algeria,DZA,4.888107041,14.27060532,15.07308777,11.41996068,16.30253016,16.23640262,16.46431575,18.89734042,24.7530604,25.67726956,21.50297404,23.27647726,31.13932917,31.37827985,37.38585736,42.47189374,47.80611272,50.70134343,51.10967283,57.52110974,61.86968473,65.78502652
Ecuador,ECU,3.792220345,7.255041545,8.912761688,18.67443919,26.32978254,33.67302418,34.11877359,31.76829089,21.10994922,28.98826125,33.40096849,38.0977731,42.97838178,48.8418064,52.46309101,57.14966537,61.38272935,54.25824051,60.23701704,63.06392697,67.18896374,70.9249596
Eritrea,ERI,-0.0174560094,10.59255356,3.674100202,8.044845693,12.47518808,25.51753755,36.2124975,40.04000191,48.09762928,49.35227321,41.68413492,33.62005224,34.37453742,35.90448079,34.21196447,34.42574511,45.98234293,48.55769797,42.45126544,45.26043389,47.30209978,49.25122003
Spain,ESP,2.467015233,5.166233675,0.1904050493,4.421908927,8.902979641,5.60543411,12.46640363,17.1956602,23.94007302,29.89267539,28.733221,35.47869707,39.041863,43.55458983,48.9780394,46.66047683,49.96235687,38.01909192,27.09437002,20.88849874,20.62919946,18.72013984
Estonia,EST,-7.635956894,-26.04128373,-37.48583922,-38.59641386,-42.75879271,-41.55610161,-42.43456006,-65.31965705,-67.55717887,-68.14901841,-67.8418606,-58.85201034,-65.13591568,-64.10577108,-64.05350924,-64.81568372,-57.86908693,-60.79411358,-66.27260457,-59.18942341,-56.30037939,-58.24717823
Ethiopia,ETH,-5.407367787,2.409825419,-2.88644769,-2.109360635,2.825419085,6.254255777,9.672721087,183.6670775,223.6138414,172.83222,114.9429304,177.4857831,155.1711435,160.3969127,197.1893843,160.3016327,180.8397022,160.4230581,170.4769893,171.5744743,173.4684821,175.3203116
Finland,FIN,-0.1150528878,-4.915918048,-2.753344423,6.887737595,2.476734576,11.11744647,8.653256047,3.147249894,1.239181827,-0.5791569775,6.264250127,11.11346948,25.75335686,17.22729933,0.8533227,16.67382007,13.48310954,3.745179604,-0.7427365622,11.66894335,0.7538398808,-8.579336138
Fiji,FJI,-6.702711982,-14.07304537,-9.813085757,-10.51121989,-6.297845199,-4.550401552,-4.794657895,-0.2641501559,-10.22241824,-32.38402676,-29.60692265,-22.40858293,-17.05453661,-22.25913243,-21.16030523,-16.44121634,-9.926248188,-8.798359613,0.3095994148,-7.082528477,-4.964733282,-3.035459305
France,FRA,4.739024263,1.681838393,-2.450200229,-2.982714811,-2.104281549,3.216923297,1.899403208,4.176469403,1.625020047,0.9441243871,1.896399666,0.5705663399,1.788743339,1.075125556,0.4407627871,-1.320371058,-2.47674575,-1.849917182,-4.896380783,-4.065772151,-9.379845994,-10.01264095
Faroe Islands,FRO,,,,,,,,,,,,,,,,,,,,,,
Gabon,GAB,-6.487216524,14.82182711,-3.938033515,-0.08618964458,7.76671478,10.52765263,5.706423568,210.5846438,191.1164577,168.1720569,12.01076007,3.088387354,19.97195605,23.30142284,15.5500835,13.76074248,6.546321876,403.4627713,16.68818703,177.3800374,179.5891523,181.5918167
United Kingdom,GBR,0.6938771356,-2.087455831,-5.618410316,-6.248548156,-6.292506025,-4.230511946,-7.855799714,-9.273342563,-12.49822749,-13.29656986,-12.11512872,-14.88230668,-13.67020544,-14.70922864,-15.19935866,-15.29930768,-16.83281482,-18.24742493,-24.74168902,-21.57078336,-26.91334242,-24.63375595
Georgia,GEO,-17.78639726,-28.55261082,-39.78311728,-56.84792787,-64.37451425,-66.16632923,-68.40196255,-70.57877724,-71.26584098,-69.76942301,-74.39041186,-45.97814214,-74.74281848,-73.39529724,-70.72214977,-69.02131585,-66.28782394,-67.86513074,-65.33251007,-65.70271955,-61.62853744,-61.72809374
Ghana,GHA,-15.74068549,-2.881113653,-6.307833515,-5.089792494,3.441993444,3.745869452,6.46478842,342.3458561,220.4764561,265.1388247,253.9045494,214.8462334,266.2592739,140.9930771,283.6496709,252.7467998,263.8977643,320.6482379,255.6893098,260.8428175,263.1940946,265.4252047
Gibraltar,GIB,37.60629664,61.71852992,63.89078488,91.56990549,89.77370405,91.74357116,99.70038276,109.6274591,117.5831844,123.378005,127.2231614,131.3220309,141.1345491,143.2101717,,,167.4780012,,,,187.93387,196.6450146
Guinea,GIN,-18.88763706,-7.893492337,-13.51705104,-13.57101704,-4.040763919,-5.25302854,-4.612406022,78.51097193,37.88408228,29.4449488,23.20684065,56.87042018,15.18587686,17.04037976,25.70471883,55.73939916,39.82820677,107.498043,145.8346939,53.86375017,54.69288406,55.51318586
Equatorial Guinea,GNQ,169.6866703,334.3165765,506.5574287,671.6504961,718.4692618,782.0840021,1106.841605,1348.351553,1454.210863,1563.377557,2068.623704,,,2182.019257,2232.109678,2239.198262,2335.343309,2269.286505,2299.75392,2406.00408,,2519.019567
Greece,GRC,-1.026262059,0.2826322166,-0.34839554,0.7997474049,2.735286815,5.892257087,9.83653299,17.80069583,13.65491203,19.20814922,17.96092294,19.14500003,22.83510831,22.20061,24.18518062,21.3681505,31.79548656,21.36542794,17.2842121,11.22185162,8.643670233,4.047346283
Grenada,GRD,-0.2825094816,-0.1063411474,-0.9551216406,17.55891241,12.4997675,24.94592301,31.7340479,30.20980727,40.48518514,200.8003439,181.6240377,203.8152852,199.7715997,217.3098434,256.0774019,298.2569904,296.2961433,307.6788601,308.5342501,332.3320407,346.9152017,359.8984646
Greenland,GRL,,,,,,,,,,,,,,,,,,,,,,
Guatemala,GTM,12.95100337,11.59093567,23.89901974,23.95535499,31.04892651,33.497482,29.43840737,487.3522025,55.07603465,369.6048277,46.04948047,110.7990168,270.3896534,63.46057043,179.9900369,81.12662169,128.642732,120.413985,148.9955454,103.4400816,107.6172581,111.4086497
Guam,GUM,2.174133643,4.635406842,7.105273722,9.423816307,11.66028949,13.80658044,15.97200443,11.26929933,13.39110291,15.56375745,17.74029219,20.04480053,22.13329045,24.34408129,26.41814135,28.57104741,30.84637983,33.27644023,35.38380464,38.94053795,40.84867023,42.67604681
Guyana,GUY,-1.361917078,3.801292978,10.69535049,-9.0358348,-3.755040293,-1.855068718,-1.889350415,-23.13609959,-72.63538944,-73.67727231,-70.86337252,-69.60665242,-65.39693926,-70.33311046,-70.6172801,-72.22532604,-70.48584841,-69.44908999,53.94672034,-64.52267287,-63.89356391,-63.30733113
Honduras,HND,12.50694226,4.842722906,12.03276841,13.91565982,22.59591904,25.25024306,17.46555689,66.43342038,2.007286192,59.81220539,-8.637196631,8.354879447,66.1001599,9.358070718,69.12044051,21.60405109,39.76364365,44.18951621,44.85777136,43.29941036,46.3632273,49.15453646
Croatia,HRV,-24.14548077,-28.61550981,-28.3696346,-30.65132209,-29.11550982,-30.61216133,-23.86520225,-21.02321512,-21.68205608,-21.36873206,-21.79193037,-18.51944415,-13.59592888,-14.51825267,-14.02297493,-12.79499737,-4.126273667,-5.171454869,-9.423802476,-10.2540793,-12.3244631,-12.41792098
Haiti,HTI,3.343233613,8.010151677,5.085684271,-3.269813793,11.09390079,17.048778,23.8068099,26.00278623,30.6821053,34.01371894,39.97630235,42.1747099,41.85013004,46.9354348,50.45653931,52.50529929,59.36585581,57.96927777,57.79669121,59.51444883,62.31934605,64.93352333
Hungary,HUN,-7.510101254,-18.18250714,-18.75359192,-19.480995,-20.63594234,-17.26123255,-19.26316402,-20.15682469,-19.86037225,-22.62396149,-22.12462574,-23.50561494,-21.07897317,-22.15868093,-22.56071527,-22.97395198,-25.85383206,-26.62510825,-32.53651879,-32.0868754,-33.99946116,-35.43110871
Indonesia,IDN,89.92735823,80.02466472,19.86043316,85.06630097,12.91352916,12.78393491,332.6481231,2.237872277,-42.59034406,-46.57475876,-27.05039332,47.66332232,-23.72878534,-9.003403368,0.5088929497,104.3829982,-33.6591431,-31.63052513,-1.444299815,-36.07574871,-34.46533544,-33.00645608
Isle of Man,IMN,,,,,,,,,,,,,,,,,,,,,,
India,IND,4.028801738,7.139310354,9.684215728,13.95850753,19.03824095,23.17080002,26.96937941,27.50475211,40.98880861,35.88203053,35.19092885,38.19616575,42.45994632,50.66868304,52.62387195,60.93451502,71.69238453,75.7794302,87.01835222,99.76308558,103.8996171,116.4448552
Ireland,IRL,0.6053547988,0.5058765667,1.151285836,3.364946006,4.255407392,6.966353513,9.16563195,-0.2985048364,1.601632626,3.90358859,6.969477789,5.354257824,5.015527911,4.859247824,6.857733411,9.026941537,6.785030988,6.93703286,0.04555827395,0.01228056093,-6.579566353,-4.803331492
Iran,IRN,9.247205289,15.88401522,15.62337602,28.2470878,30.55027187,36.01370718,42.01784159,44.6993028,50.02508099,57.93764616,62.41203933,70.37594302,81.95602332,94.67526195,103.251485,118.500638,129.4421033,,,,,
Iraq,IRQ,-29.69507775,-20.05231888,-3.294473098,6.800646944,7.42858662,-1.693225472,3.391997352,6.167905855,11.02727803,24.56884415,33.0213393,28.85826009,7.935036034,25.59132177,24.77835097,29.67567884,30.25245818,38.05550393,38.60889519,47.1002002,51.65961664,55.73750806
Iceland,ISL,-0.2225140792,-4.379724362,-3.986208315,-3.570280173,-4.054689484,-2.662584149,-3.086091439,-83.524597,-83.19038516,-81.05633018,-82.39551336,-81.78675739,-81.88567279,-81.51158093,-81.70753269,-80.55729058,-79.55469275,-76.82408159,-76.36007385,-75.22641356,-74.58640354,-74.65718811
Israel,ISR,1.778967738,8.440450541,17.99481465,26.39382167,34.4511496,42.69488159,48.04858615,50.35638182,54.00080172,65.66649829,66.32208262,75.43291208,80.5983049,78.18093572,80.14198152,85.79345398,94.72324504,89.95157366,89.41505819,99.63083411,106.2744139,112.1834291
Italy,ITA,-0.5269172015,-0.9148918502,-2.456462689,-3.017731511,1.90772146,-0.280303708,-0.07686948666,2.020791554,2.497629441,7.584036112,6.799845091,8.258651972,11.043654,10.6198178,10.87928891,10.72400934,7.590578032,4.033072695,-5.516637942,-3.794445851,-5.13909337,-5.136152375
Jamaica,JAM,0.5619037299,9.984694992,12.305098,12.9037384,16.81596606,20.69452351,22.94949721,27.42035869,30.57172203,32.67672283,31.44733741,32.97380786,39.05718673,43.99779474,42.87567369,56.12860954,65.50259735,49.2889,48.98351081,56.46891284,61.53186327,66.04742431
Jordan,JOR,2.528993543,20.16894844,24.42895761,29.59411183,36.50859679,41.4371225,45.10152632,47.93470876,47.72488864,53.44885776,52.22751426,62.37708257,61.45785807,80.02793058,92.59524599,96.76227943,106.0516569,110.9530773,109.6299999,120.616874,127.9511327,134.4844571
Japan,JPN,1.092819188,1.990320156,2.176530368,6.220640077,8.965051653,9.154507882,8.40982876,5.111382325,7.230370363,7.781131535,6.382900895,9.027311094,9.460286934,9.406409728,10.36495842,9.291394738,12.00911831,6.169256363,-1.106204287,3.506762019,7.0585516,13.35065926
Kazakhstan,KAZ,-2.530956379,-1.671330832,-12.17705423,-22.41349173,-33.58233549,-26.85062312,-44.31622158,-41.32190237,-50.89348673,-44.2921114,-39.93758691,-23.20944074,-31.02195621,-23.3939502,-21.66313529,-12.75305402,-15.16308744,-11.22210619,-22.69456545,-6.697679737,-5.859718622,-1.554896544
Kenya,KEN,-2.059603536,0.1769323808,2.319351559,5.970727671,7.332102718,5.626060938,5.886694869,71.00581499,20.68395074,18.73019644,14.05281898,12.43284887,18.91356385,19.51830215,24.95562888,28.43836676,36.23517537,36.80728147,34.93441702,35.26161806,37.41575954,39.43948827
Kyrgyz Republic,KGZ,-9.313505009,-33.85830035,-46.69154844,-59.72082613,-68.48654771,-62.36015352,-65.69479832,-66.59001695,-70.43517444,-70.0330516,-72.96909216,-68.85637766,-66.97158376,-66.21837286,-67.39354634,-67.90899787,-65.55539491,-64.32654928,-60.28382034,-60.91557375,-58.37635963,-58.55342581
Cambodia,KHM,-6.811319135,6.67977467,2.575100723,-9.047575043,6.496621541,-2.554528971,0.1467735032,541.9266633,180.3617227,115.7488691,227.8150772,456.270363,442.9111671,813.7376526,418.6606171,423.1032087,909.6961999,517.146693,349.1103578,546.8227688,549.7249549,552.597762
Kiribati,KIR,11.12726828,2.964062688,3.629033475,-0.8639367091,0.9534092192,6.15981031,9.892700434,-1.69329593,1.617929277,7.33762793,10.43999404,12.60404522,12.20499472,16.21610807,,,29.1501109,,32.47665276,,,
Korea,KOR,9.381020169,18.00773884,28.13098801,39.10504741,50.95762572,62.17723645,71.02582303,49.91409555,63.0562924,70.65479971,73.83422761,77.98233709,81.76662348,87.17087362,86.81200205,88.25114957,91.53272615,97.99653024,97.83380332,109.2632101,116.333666,122.6245256
Kuwait,KWT,,,,,,,,,,,,,,,,,,,,,,
Lebanon,LBN,,,,,,,,,,,,,,,,,,,,,,
Liberia,LBR,-15.73380564,-17.62820049,-19.75906025,-20.93674863,-18.51169188,-14.86927088,-8.565933057,184.1850585,92.36966603,18.47565146,23.47355731,16.81361944,17.71047953,31.89817215,18.84001401,41.27580545,62.48589381,63.37218574,48.34575097,57.40401155,59.61932486,61.70613829
Libya,LBY,0.01135259275,-9.168434788,-9.042580241,-0.3451689225,6.780803851,10.11313391,3.8265884,3.698576639,-1.489001218,4.245225552,2.424731082,3.691304987,11.71120582,12.26770964,14.50300199,16.77390499,16.40041394,21.55521607,21.15667729,27.35352744,31.10753681,34.47445163
St. Lucia,LCA,1.41955833,2.402344307,-4.768269344,12.21078775,20.14599464,25.0186181,18.84513333,,,45.59911195,46.7944779,48.25225187,53.65296336,69.1131426,70.09647511,77.29527119,84.1865235,91.88809809,92.13381697,102.7624662,109.3855438,115.2931987
Liechtenstein,LIE,,,,,,,,,,,,,,,,,,,,,,
Sri Lanka,LKA,-1.893202424,4.149525229,5.671091575,12.92470983,12.14484373,17.96955084,16.36193303,11.84574914,24.14485806,26.68028906,22.03710371,27.67226733,33.74165367,38.1681749,48.12171569,41.46603634,51.09003147,52.10292709,51.40406447,58.50311933,62.26550258,65.68814403
Lithuania,LTU,3.45501784,-29.96985877,-41.69930548,-44.42838773,-46.23247538,-44.5008366,-45.02408519,-53.32757547,-58.17033661,-60.88450955,-61.26802255,-59.58425087,-59.90524618,-58.55876902,-56.62966201,-55.68604935,-52.54150193,-50.80894678,-54.96599335,-50.70988438,-46.03930107,-45.82304625
Luxembourg,LUX,4.964993165,3.296032012,5.007104496,-0.9535545623,-18.11235251,-19.63817023,-22.64132081,-28.80398407,-26.09296268,-21.62741852,-18.32397618,-11.7900232,-8.050410287,0.1063983865,2.624292546,2.989433417,-0.2255047716,-3.050250159,-5.790482375,-0.5126600645,-1.316163865,-3.747423028
Latvia,LVA,-6.202660476,-18.70313326,-28.57831489,-37.40668412,-44.21074617,-44.19361851,-46.38358205,-61.66720109,-64.1310209,-65.81950841,-64.09129418,-59.16465969,-62.03116253,-61.32259586,-60.53138517,-58.25572603,-57.18117641,-57.80930383,-59.66373075,-56.42715975,-57.97139205,-58.58376876
Morocco,MAR,1.997916218,5.264949512,5.092447205,9.880698712,11.61063878,12.08045139,17.04256897,21.56004488,28.50862735,35.77502288,42.65213874,43.63492028,44.55493536,75.77905449,86.51038511,90.24292293,94.74448494,93.51232522,92.18416059,102.6658492,108.7761885,114.2507133
Monaco,MCO,,,,,,,,,,,,,,,,,,,,,,
Moldova,MDA,-16.78619118,-29.44057271,-40.11426984,-50.00255289,-56.21358199,-55.52209162,-58.61144502,-62.64436853,-68.81683955,-71.61136532,-70.09734181,-70.34028222,-68.45552559,-67.64953392,-66.43985025,-67.80472808,-68.01460876,-70.6278458,-71.05246156,-70.1846763,-69.935453,-70.15332659
Madagascar,MDG,-9.19702808,18.76324045,-12.07487357,-5.198961376,-3.790135696,-10.83157348,-12.70412394,194.6561372,88.12461709,74.1087608,172.5827128,74.88308725,238.7530285,81.54813254,230.5229012,121.832823,177.7163264,95.3708105,144.0052352,142.4470768,143.1816233,143.897975
Maldives,MDV,,,,,,,,,,,,,,,,,,,,,,
Mexico,MEX,2.230696195,0.1000949062,1.612874744,5.276676754,4.413669327,7.822185007,9.103556844,40.10356186,12.08058217,16.66261865,10.88929453,14.8797912,21.76150522,14.90213255,29.77992436,29.94767672,30.79375208,30.35852076,31.30805217,30.19813935,32.11776664,34.25550642
Marshall Islands,MHL,,,,,,,,,,,,,,,,,,,,,,
"Macedonia, FYR",MKD,-10.10688595,-19.11999844,-17.7602489,-18.68885999,-19.18525925,-10.59965399,-18.30838489,,,,,,,-21.47823684,-19.10112083,-19.32624366,-13.00248852,-18.04572317,-18.76775629,-14.45344556,-11.74436688,-9.325880652
Mali,MLI,-13.46126999,-3.962477283,-7.305547857,-6.074466429,2.237009665,1.766939787,4.67267073,180.612584,154.6880941,128.1006146,173.0567483,159.2360268,118.5573556,187.0401045,182.7780865,171.4067528,142.7227578,182.1653694,140.6440224,149.4886007,150.4832741,151.4696597
Malta,MLT,-3.985149638,-5.389789884,19.87850477,8.407757751,4.046764946,2.098745749,8.824189425,5.271156446,6.762429904,-2.005423848,17.04048933,-2.050876298,13.43482084,15.91814927,21.55890697,17.32177427,23.88784208,,,,,
Myanmar,MMR,-11.26919124,31.52433106,7.081572942,-6.2356554,7.720986843,-19.50848471,-20.37357646,-64.97528925,-61.41980286,-78.85227962,-78.67721363,-74.15095691,-78.59911981,-56.60356858,-74.52584653,-77.2357046,-60.02719308,-78.4105301,-69.61483412,-62.83417181,-39.81133976,-39.64041232
Montenegro,MNE,,,,,,,,,,,,,,,,,,,,,,
Mongolia,MNG,0.03373035269,2.501836666,-0.3135658213,-1.937874059,1.855078086,4.687190863,4.681844797,-13.82231881,-47.0522225,-10.83034625,-52.61882989,-13.01518169,-32.48811676,-56.17788862,-52.329448,-34.89200653,-4.546790553,-19.8627603,-13.44814261,-57.16879551,,
Mozambique,MOZ,-16.96446466,30.17661772,-24.78843749,-12.48890237,-9.99443858,-22.65819898,-25.67862971,636.9910427,394.8655928,425.7984313,617.5725491,507.444519,766.6541869,637.5429994,754.5347482,636.1270366,675.9025209,788.5034554,650.2520554,827.6870815,828.296922,828.8710234
Mauritania,MRT,4.077027479,28.65025316,31.8951946,31.86142964,34.51296875,38.06240553,45.43974926,57.66013218,64.64222459,99.94558389,93.84708075,67.6382948,72.45182039,84.50416152,91.9980689,92.57084518,124.6834667,96.11240163,100.2304061,116.6841265,120.078096,123.245315
Mauritius,MUS,2.657975554,,,5.183235028,16.34491129,,,,,,,,,,,,,,,,,
Malawi,MWI,-6.65670387,18.75730086,-12.02810863,-8.844991701,-4.739792912,-9.823486199,-11.15555884,104.4487688,61.27503216,80.97946087,44.84257847,67.18521506,138.2638402,76.67794822,140.1661057,76.35243583,105.2241087,107.7439696,82.68311726,150.85276,152.1438841,153.3898634
Malaysia,MYS,0.8383138756,27.6593462,18.80716921,14.87585913,26.9891144,20.85600501,23.83423255,30.49164249,-19.33487668,-13.69372886,-11.26616245,0.7029229199,-1.611805615,8.911015971,24.20977107,21.04253799,26.23181109,29.29101373,39.97825982,32.7757395,36.87606211,40.54171965
Namibia,NAM,-0.7279364628,14.65092714,-5.415506733,-0.002409605446,-0.7524955341,-7.986628347,-3.771124305,204.647559,288.8628269,365.5575532,329.5825548,304.0762442,292.2524514,376.0473095,323.7569946,408.0266656,400.840366,291.7213683,447.5613072,415.7236728,418.5741093,421.2264361
New Caledonia,NCL,,12.62400219,12.51014806,,,,,11.52184109,,,,,,,,,,,,,,
Niger,NER,3.383702562,9.34071115,9.565908385,15.38846398,18.1282451,21.26580048,24.04745292,50.10431897,63.38586498,60.54028668,58.48940169,34.59743253,38.11354255,32.64578588,48.04613884,46.85701909,58.31793646,51.40722548,51.97732612,61.9145154,63.68402056,65.39843902
Nigeria,NGA,4.923395348,15.48812817,14.90685009,6.880588195,12.72217332,24.41678201,20.25896039,103.5600893,116.5093967,92.91387722,95.46617918,80.71955081,92.89160977,76.47957536,129.3208347,95.11909184,105.2996975,93.57539396,67.29918306,78.96996454,81.78009266,84.35868592
Nicaragua,NIC,-6.761786808,-1.256623913,5.584954572,7.977721779,4.926815003,6.988436131,10.35039443,119.1747309,20.98828599,36.82777955,40.91367579,43.41955184,65.29846393,44.13374455,63.99774482,46.62039709,48.84682593,53.86553474,54.54771325,53.88888751,56.56138749,59.04010138
Netherlands,NLD,3.507666517,2.722558038,4.337666901,4.36138074,4.715555804,8.792494776,5.064482462,1.155350416,-2.559572287,-1.848008338,-1.878026858,-2.758348872,-1.387112535,-1.38671827,-3.289758038,-5.65790267,-6.958693601,-8.645673016,-10.06094092,-5.36808328,-10.83652677,-12.73870386
Norway,NOR,-4.710777568,-4.638333777,-0.312823626,3.764604896,4.599348569,6.745091397,10.50363088,10.63302179,13.08736108,5.561015244,5.966153544,3.295621213,8.458363932,8.995473325,6.094858019,5.764975455,7.319775898,5.242124423,-2.409263634,-2.602841558,-4.869041114,-5.824210724
Nepal,NPL,-0.4033906086,-3.928855329,1.015752084,2.091902282,7.11423778,8.439723783,9.747131357,12.29615432,64.55143548,24.34748708,18.81264545,15.11678726,18.82565189,21.13805844,22.86848373,23.20124067,24.46530142,27.50276005,30.61878357,30.33783208,32.01899259,62.28271927
Nauru,NRU,,,,,,,,,,,,,,,,,,,,,,
New Zealand,NZL,-0.3879718526,2.222635207,1.834509601,3.658090568,5.916035662,7.418819571,11.96289373,5.869675356,9.323894143,13.29431623,16.11684654,17.68257978,22.16852728,22.13333309,24.93042567,27.17266057,24.65918576,23.98101216,15.78986467,15.9108996,15.46861554,18.93925642
Oman,OMN,10.82605983,10.50250271,9.882586191,5.554040172,17.23129784,22.24056031,26.99930641,-22.04882471,-12.91103153,0.234230723,15.05756682,22.46053869,31.4187214,30.29984617,36.04272147,43.92401554,48.53110717,56.18379893,57.00233666,66.99143228,71.69670991,75.92780819
Pakistan,PAK,1.975849083,7.327168229,12.91903557,16.52363287,21.26827558,27.54491788,30.92102022,35.79021378,42.92102763,43.34798707,45.22331937,48.91464509,57.41125653,68.65364015,73.35988801,82.06444198,94.96227121,96.20364939,98.92300423,105.4627529,110.0680342,114.275183
Panama,PAN,7.26809279,17.71894982,20.51521482,24.31209019,29.39553147,30.47438879,30.17183175,47.78500195,28.20855098,34.40190418,66.37667949,53.73004606,59.22727271,58.76568158,55.38485002,75.9170508,71.53473867,121.3324003,127.3038862,126.4123873,132.7473844,138.4458118
Peru,PER,-3.786727723,-0.2932672031,5.71216272,-3.420903659,6.486471597,12.31716073,12.81079406,18.06349739,7.990660168,11.80610001,-16.57493956,-14.30038708,-10.83480166,-5.21574692,15.13709129,-1.355872858,19.09055298,6.992994511,8.748478388,20.27082085,23.08454406,25.63265778
Philippines,PHL,-0.1205121421,5.959839152,10.32367183,21.6872279,30.37505429,39.3763067,46.0596577,69.39792167,46.16934949,55.75547808,48.27324428,43.27270856,45.755185,48.3868248,51.97245332,108.821905,54.74609445,58.09388689,132.266504,65.99006706,69.99330237,73.62544001
Palau,PLW,,,,,,,,,,,,,,,,,,,,,,
Papua New Guinea,PNG,99.80140673,91.05321801,26.07168122,97.89422965,20.01775314,16.48709439,385.6110438,-70.40976513,-77.34174456,-72.01246865,-64.88640314,186.0107456,-65.3685376,-33.39848886,-67.9602402,-51.88503878,-66.87495068,-67.74523564,-61.70449632,-63.84364677,-63.09631611,-62.42058704
Poland,POL,-2.932138268,-4.527888419,-5.181262695,-5.304551977,-3.261276905,-8.094134042,-8.539256724,-17.95516765,-19.65633655,-17.16693389,-18.64117704,-20.75306947,-18.22658037,-13.11677447,-13.1228436,-10.70119735,-11.14759826,-11.18834081,-14.47100769,-10.02712691,-10.80650983,-12.53315509
Puerto Rico,PRI,2.41960367,-6.828440853,-3.710940925,-0.9752606409,-1.795725739,0.2116142132,1.88200316,-2.593339677,-0.9729085105,0.7517640553,2.367664701,3.070778962,5.240187769,5.364560318,6.035135075,5.594836873,4.187007625,4.311434913,6.048826704,8.774832926,10.41616698,11.9711597
Portugal,PRT,3.611505891,10.4289344,8.772134058,10.74901379,18.85241169,16.15383737,21.50997681,42.76276204,45.50382734,52.15264164,46.66513554,51.68045836,54.39559248,45.86068303,74.47909678,39.68896724,36.3612412,27.83336971,29.65165877,23.10654521,23.61561773,24.55389348
Paraguay,PRY,-6.623562126,-0.2547440143,10.01759077,-14.8405793,-5.114865093,-2.365971143,-0.6967047957,-24.67667913,113.9960164,-38.21508151,36.14475768,30.03053005,31.35310066,8.170574469,42.16205812,5.130884897,117.0893251,-15.26074118,-26.56582758,-21.62812744,-20.97390442,-20.34909479
Qatar,QAT,6.096002678,,,,,,,76.28464327,98.81126644,102.1963955,107.0947036,113.7723735,135.603942,167.6597064,179.3132599,209.7292501,250.9603566,278.3216809,292.3283307,347.6720925,359.0458963,369.3459583
Romania,ROU,-17.24902746,-24.71681145,-29.43069211,-30.87759463,-28.34122099,-26.46731717,-32.34017618,-40.37358324,-47.58130548,-46.36529852,-44.29878742,-45.34100874,-42.9276377,-43.4317623,-43.55445524,-41.61155969,-42.96205303,-44.66382237,-51.61415048,-52.30871376,-48.96685853,-50.75924056
Russian Federation,RUS,-5.610330152,-12.95556078,-16.12916229,-24.65509928,-26.39253122,-24.34943963,-31.61475529,-3.725983238,-30.07931846,-22.88412894,-26.27844755,-16.9395682,-1.434626263,-32.83801584,-29.67539836,-23.50387159,-27.53463291,-16.64899628,-28.6806024,-27.55724823,-22.70318663,-21.98874131
Rwanda,RWA,2.011920945,3.504022443,-2.780623238,-6.102044015,-0.6235973552,5.179496219,13.24960153,67.71541144,48.7491884,50.68838283,20.66619094,47.79638873,47.41272824,73.29208183,52.64507437,54.41933461,50.82017704,59.40345842,83.49103391,101.3391106,103.5768904,105.7202783
South Asia,SAS,3.361870215,6.453784336,9.135710441,13.13245052,18.03251583,22.2157034,25.68055201,25.99434623,38.9845725,34.11705749,33.91652869,36.81693686,41.35274867,49.13534435,51.50610947,59.18049085,69.50763807,73.12305074,82.7018663,94.18044233,98.17558232,108.175842
Saudi Arabia,SAU,,,,,,,,,,,,,,,,,,,,,,
Sudan,SDN,-13.59356447,-0.2755893828,-1.965514097,3.330500605,10.04556646,11.17264696,15.63294749,460.6409412,452.0794869,471.1361506,356.8037006,457.8628496,438.6883119,424.1148048,478.4425067,389.728916,584.5756924,517.6333932,503.4585946,426.145794,428.5581772,430.9150646
Senegal,SEN,-3.403622238,3.752453086,3.746888669,5.772977307,10.24425321,14.29681809,19.26423303,308.1497395,411.5793248,341.4577676,433.9147765,399.6043818,213.8839865,346.4845874,356.4895362,430.5377836,330.5377854,370.9013126,329.5834755,384.7993386,388.4527445,391.8597107
Singapore,SGP,,,,,,,,,,,,,,,,,,,,,,
Solomon Islands,SLB,-25.19937996,-44.17908895,-40.15736083,-35.42953488,-34.18693514,-31.34254549,-31.23812442,-34.15045171,-35.90156148,-30.78576919,-29.75114601,-26.65760256,-25.43817551,-25.08284405,-26.75870187,-26.54585871,-25.36451584,-25.2692656,-25.13736667,-24.11571985,-23.15447032,-22.22473157
Sierra Leone,SLE,-14.23347514,-8.61686065,-12.44758739,-13.8398897,-6.94118883,-7.351027226,-4.804205795,97.13435142,160.0242403,53.330558,236.424998,133.2970076,116.9766763,120.2392225,54.42453148,180.2352208,196.6652794,243.5921724,81.84152557,20.96549676,21.83451369,22.66245797
El Salvador,SLV,13.05907848,20.32963208,24.49420988,34.99226153,38.26584143,35.79894496,50.71864636,52.06586788,55.6440034,54.73044125,69.92961042,68.16180069,68.28850231,73.18878497,72.43122274,74.85876064,80.77305256,79.18331073,78.16454352,79.17104712,83.87890257,88.1295049
San Marino,SMR,,,,,,,,,,,,,,,,,,,,,,
Somalia,SOM,-9.645989962,-14.25559671,-5.901206411,1.668323546,4.507341604,6.9780349,9.465880374,16.52323203,18.00520709,14.13776824,15.01720972,16.47370382,19.84675737,18.04361763,18.19446366,17.95425687,18.48783974,19.48120557,17.69700443,19.54169245,20.81420991,22.07334447
Serbia,SRB,,,,,,,,,,,,,,,,,,,,,,
South Sudan,SSD,,,,,,,,,,,,,,,,,,,,,,
Suriname,SUR,-3.814277775,0.5700147653,5.465723704,-19.11998524,-12.4801252,-10.35133729,-11.47577895,-69.67179494,-76.03368806,-76.22608076,,-70.09317813,-73.58297969,-68.82894761,-75.45144609,-75.84044938,-76.50106366,-68.91913847,-70.22502479,,-75.24971326,-74.68182458
Slovak Republic,SVK,-12.28686775,-17.97655198,-22.4669037,-25.2732258,-25.51496271,-24.07777776,-24.04748817,-26.62015917,-27.62242527,-30.22461645,-30.72518345,-31.37891183,-31.72648642,-33.08088189,-32.24864569,-33.03918903,-33.37950688,-31.96882817,-35.3428226,-30.84474076,-32.81192025,-35.92622945
Slovenia,SVN,-7.247170488,-10.77606392,-8.363854123,-8.240723814,-5.547728955,0.5514990478,9.11218347,7.399311177,5.777549006,4.750538915,8.591397673,11.8341837,9.80313176,10.44377377,11.95744566,14.03355862,14.78883059,16.38920326,7.383793124,9.588732654,7.685719258,5.489665337
Sweden,SWE,2.084209368,3.380907965,3.558847658,6.785619328,6.555830683,13.89088181,5.770475862,7.951717855,5.620987577,0.9791018169,-0.06720123714,2.183187629,2.94578572,0.650858037,-3.379596534,-3.886875579,-7.616231012,-9.300656097,-15.72695517,-7.432815309,-10.87243766,-14.77617943
Swaziland,SWZ,-0.5245604392,1.195652563,-7.474720963,-1.903342236,1.367281226,2.324074762,5.465945776,76.61874733,43.78390618,24.45625315,19.16158231,22.06038052,16.39265522,35.24034844,30.01320421,17.0279501,64.27402327,43.96017752,34.08452404,49.37649591,51.66183025,53.78462876
Seychelles,SYC,9.995880909,5.641931731,7.478045853,4.601647101,10.20400891,8.42766635,22.50957908,,,,,86.36020342,90.83994778,,,,115.3240243,120.7711888,120.6414625,133.8179197,141.965058,149.2078543
Syrian Arab Republic,SYR,12.6704389,17.63074836,20.3539461,18.33938453,24.64785826,27.78260004,27.95908626,37.13116323,39.02935345,40.24761652,34.94755339,36.28294455,36.09744429,37.67070156,39.10082918,46.1767773,50.34964012,44.22742693,44.01779719,50.2425853,54.68730626,58.67365673
Turks and Caicos Islands,TCA,263.3055544,289.2234012,217.6060876,227.2028751,,,,,,,,,,,,,,,,,,
Chad,TCD,-16.71247065,-5.680443016,-11.10087267,-11.13973126,-2.195417588,-3.041505292,2.969982803,501.5718261,574.4049281,604.79668,467.8136912,593.5465786,622.1462003,582.2954084,575.477171,596.0668793,601.2459615,551.960412,456.3852969,495.0959825,496.9130745,498.7255734
Togo,TGO,-18.35889947,-9.217619777,-15.0297542,-12.22936469,-4.701969185,-1.65262469,-1.376580741,117.7254388,48.37901714,64.46150219,34.95415848,56.52471255,51.55418995,7.291018958,139.2270382,32.34783312,44.59055177,102.6365134,77.89439179,68.36457,69.7256099,71.0023706
Thailand,THA,5.632637019,14.62452057,18.16479365,25.10854557,35.35516634,42.06678071,44.55006066,92.47273209,52.16032994,36.43475696,38.06193886,54.97917245,55.81480457,82.71943773,75.09887253,68.20920908,86.75511065,71.92318496,74.8424137,102.4522086,107.2990513,111.6724265
Tajikistan,TJK,4.583738048,-6.554488453,-25.91648118,-39.74176458,-41.3155866,-42.88254507,-46.81169332,-46.86888118,-47.70129585,-53.57500311,-52.16115931,-52.36957852,-50.00577345,-45.16172973,-43.61278257,-38.89622926,-32.93449757,-34.12146862,-34.79398573,-32.03265292,-29.454599,-29.09113552
Turkmenistan,TKM,-8.016883468,-30.77104303,-28.92391794,-31.41983868,-32.07577251,-37.17538515,-43.58345804,-43.65201013,-31.17862855,-22.2492252,-17.72431471,-12.90807266,-1.591795855,-5.367141459,-2.651132189,-0.3732193514,6.583182032,12.46388806,-1.617724169,7.435957898,8.996292468,13.33574438
Timor-Leste,TLS,16.86527794,13.21724033,18.09555556,55.47864997,72.44908285,40.70994558,36.2630819,41.97055759,23.6874063,35.82818125,74.58707423,77.48786658,89.9276862,94.0170933,95.48529784,98.24766721,99.08309895,101.4783499,104.278154,107.5990754,109.6844697,111.7684001
Tonga,TON,5.384168956,14.65872409,15.90829535,24.62824295,20.89167389,24.0392583,22.33988783,14.31285654,13.12757824,40.71482004,40.49261833,20.62136495,27.00840187,22.53016726,23.57665788,22.76092187,23.31702399,18.59076023,18.56483136,22.08562721,24.78243577,
Trinidad and Tobago,TTO,,,,,,,,,,,,,,,,,,,,,,
Tunisia,TUN,4.112170763,9.197596496,12.94321711,12.97256859,16.62370563,22.85531739,26.52476866,32.63573449,38.85582688,45.15188927,47.42357414,48.77374179,48.5973045,53.30141386,51.6224498,56.64256709,58.20946451,65.42691084,67.56941976,77.43491059,82.57728316,87.19518244
Turkey,TUR,1.011047429,5.991034322,9.107322201,7.32178533,16.37019237,23.85354865,29.05743919,31.82129975,31.67358639,40.99001516,32.56944381,38.1370702,44.24955456,48.57838524,54.8590348,68.02889885,81.01219923,77.84175492,80.27196178,88.32917823,93.70948584,98.53959513
Tuvalu,TUV,8.362354864,11.31831121,10.29039337,12.87757595,14.85122353,16.01119439,18.42812046,19.06933588,21.0810183,21.44748805,21.70711502,24.85710708,25.0267634,24.99125826,25.06390788,25.1234204,25.31939556,25.55664209,25.69671049,26.72522175,28.3695991,29.95526539
Tanzania,TZA,-13.82605956,27.30210666,-20.28779109,-9.320831012,-4.256660884,-16.38626915,-19.70728842,201.3404973,65.93226971,127.4050184,107.1453755,93.41392198,173.51856,133.1017763,183.8716669,76.39453006,112.9623118,112.0984198,143.7458017,146.5795904,147.2271065,147.8495787
Uganda,UGA,-4.285489512,0.8662695883,0.6839632242,0.6886975745,5.041969325,5.524742983,7.673379255,132.7270221,59.65285803,97.20884707,57.15926458,62.11935701,142.8003837,90.07766611,201.7483709,10.51069684,182.3824877,141.7490734,43.16964787,116.544932,117.6635015,118.7640731
Ukraine,UKR,-7.124959349,-15.61776999,-25.2977981,-36.34731669,-37.213042,-43.98718342,-46.01431704,-49.0628229,-49.28782635,-50.67687294,-51.74096567,-51.45156541,-49.18397832,-52.03484448,-54.39510837,-54.60883841,-53.39492835,-54.16970455,-61.45813734,-58.75728265,-56.97626069,-57.5183766
Uruguay,URY,6.406496797,12.56626124,14.75742402,15.00913236,16.36048351,21.38113146,20.47521121,18.62595817,23.5709232,16.3307151,13.46463771,15.12555547,18.38161821,25.18088002,25.18925945,30.3464484,29.78697228,30.41058089,28.33267431,27.47298132,29.3440837,31.12129848
United States,USA,-1.017743618,0.02289567459,2.38931822,3.893123532,3.735326067,7.197080683,9.587873783,9.988808026,10.95231518,13.57590623,11.16577021,13.78227532,13.93658196,18.05999208,17.05832709,13.98273022,16.18062371,8.358700857,7.62660236,9.407540304,7.098335072,3.385655837
Uzbekistan,UZB,1.411646892,-3.948725001,-3.891598273,-7.447502964,-14.31367085,-13.39120285,-10.69403146,-2.225759077,-1.013907543,-1.996133703,-0.5286079347,3.961249826,2.495299954,1.169162725,-1.056383665,2.494299881,2.675284245,8.616379271,2.721293929,1.987017087,6.718003149,4.644758954
Venezuela,VEN,-0.9867368199,1.448545415,6.929337852,0.831337527,8.357147211,14.19957101,18.98502231,35.96587552,9.890548776,19.74144645,26.40131171,10.79739274,33.82464576,23.01842401,21.4442895,21.80170673,33.33665425,29.07853857,26.5048914,27.91186686,31.2138573,34.1826944
British Virgin Islands,VGB,-1.778047814,2.098931864,,,,,,,,,,,,,,,,,,,,
Vietnam,VNM,2.457708818,5.778974549,9.911022908,15.13989607,21.8115329,28.48874648,34.97273399,88.47125217,77.26031709,57.27990905,61.4906499,89.50791883,92.23801262,131.4112809,134.7305043,136.5976449,158.8455815,157.9903211,168.6232308,181.6590716,187.8139978,213.6312625
Vanuatu,VUT,-2.95769931,-6.598219928,-1.309182745,-1.891531465,-1.615227232,-0.3493695414,1.910672946,2.541698028,4.587095161,6.758512242,5.480754296,2.349521704,1.843683529,0.391981549,0.6427453449,-0.4783662834,2.573697416,3.528512374,-1.498396442,0.0954908688,1.569325077,2.969541169
World,WLD,0.9294104656,4.164516244,-0.3944333318,1.512173906,2.113817163,2.684585473,13.45212135,15.21258297,6.957003572,6.097657902,5.580386588,12.65532292,16.19090625,19.42533716,23.49824402,27.2226711,30.72077007,27.28663,25.94268428,33.16302371,38.07881404,40.00330807
Samoa,WSM,-0.9693224537,2.048203468,1.115773218,-5.325235671,-2.524218084,0.5384513278,6.69238579,4.432100912,6.457946841,10.94547662,13.00441129,9.709713179,9.394154571,8.859663443,7.00056735,13.60283334,13.87444662,15.02230895,15.18648476,18.76338882,21.51654974,24.02598852
Kosovo,XKX,,,,,,,,,,,,,,,,,,,,,,
Yemen,YEM,13.12398888,19.3591897,13.64201068,29.34667858,39.17863518,43.08393095,53.12059542,62.41065632,78.17645622,88.52260652,96.18980631,106.8488372,125.5501352,129.6828578,154.2113225,172.0576618,181.9111846,186.3827831,188.1491466,202.4533222,210.8874747,218.4792608
South Africa,ZAF,-1.664046588,1.330045926,-0.3898245119,1.85324768,6.342518907,9.871440829,15.41473179,31.12636622,23.38240718,20.41246917,19.13770214,24.30371891,30.67912652,35.36972534,42.70046653,37.4719295,43.79363581,,,,,
Zambia,ZMB,-16.98275892,32.72656197,-25.33837082,-12.86063082,-11.67175935,-25.26517118,-28.458101,113.9833856,56.91190625,38.71405024,41.8814353,43.26920652,69.81962736,76.00656893,89.10026819,50.15276351,62.65565859,53.19118843,26.9353596,52.53347492,52.64798385,52.7574628
Zimbabwe,ZWE,-2.757962188,9.046537394,-14.00880726,-13.93667742,-13.45733505,-12.90676595,-16.04293261,117.636809,90.09552831,46.53467363,66.52859396,43.25085419,37.36787045,75.90172701,70.63702633,58.21751144,73.55213972,96.12407085,93.48430043,102.3302649,103.8767789,105.2894362
