Country Name,Country Code,1991,1992,1993,1994,1995,1996,1997,1998,1999,2000,2001,2002,2003,2004,2005,2006,2007,2008,2009,2010,2011,2012,2013
Afghanistan,AFG,0,0,-100,-100,0,-100,-100,-80,0,100,20,300,530,580,740,920,"1,200","1,170","2,050","2,830","4,220","3,400","2,550"
Angola,AGO,0,50,50,0,45,-50,30,-60,70,205,340,675,20,260,345,580,445,435,600,685,790,990,"1,030"
Albania,ALB,0,"-466,666,666,666,667",-20,"133,333,333,333,333","666,666,666,666,664",24,"-306,666,666,666,667","-333,333,333,333,333",6,52,"273,333,333,333,333","893,333,333,333,333","426,666,666,666,667",46,"633,333,333,333,333",112,170,"243,333,333,333,333","413,333,333,333,333","811,333,333,333,333","972,666,666,666,667","114,333,333,333,333","1,124"
Andorra,AND,,,,,,,,,,,,,,,,,,,,,,,
Arab World,ARB,0,"-363,294,707,436,046","-316,316,942,688,184","522,083,682,078,097","936,608,899,239,257","816,926,432,413,242","120,685,194,170,628","159,932,556,296,313","203,280,832,289,627","146,302,241,688,322","170,033,326,246,794","181,331,480,417,254","214,683,886,285,454","257,042,495,791,447","289,191,978,162,889","346,133,365,178,672","399,484,328,818,439","470,588,975,271,794","586,160,835,906,474","670,865,581,578,071","800,432,435,879,221","920,081,260,774,293","101,941,657,248,755"
United Arab Emirates,ARE,0,"350,877,192,982,456","912,280,701,754,386","719,298,245,614,035","110,877,192,982,456","151,052,631,578,947","165,964,912,280,702","17,280,701,754,386","127,894,736,842,105","415,438,596,491,228","53,719,298,245,614","515,087,719,298,246","749,649,122,807,018","812,631,578,947,368","108,105,263,157,895","126,684,210,526,316","119,052,631,578,947","144,035,087,719,298","16,459,649,122,807","195,929,824,561,404","235,140,350,877,193","268,649,122,807,018","284,578,947,368,421"
Argentina,ARG,0,"180,120,080,053,369","57,371,581,054,036","165,443,629,086,057","312,341,561,040,694","525,817,211,474,316","634,956,637,758,506","701,601,067,378,252","758,372,248,165,444","183,128,752,501,668","190,753,835,890,594","208,092,061,374,249","199,179,452,968,646","209,626,417,611,741","225,683,789,192,795","255,870,580,386,925","278,018,679,119,413","318,712,474,983,322","367,878,585,723,816","394,996,664,442,962","424,329,553,035,357","438,565,710,473,649","437,231,487,658,439"
Armenia,ARM,,,,,,,,,,,,,,,,,,,,,,,
American Samoa,ASM,,,,,,,,,,,,,,,,,,,,,,,
Antigua and Barbuda,ATG,,,,,,,,,,,,,,,,,,,,,,,
Australia,AUS,0,"660,956,991,249,302","110,500,837,832,806","181,809,718,860,547","221,876,745,485,012","268,227,518,153,044","28,613,852,169,056","331,912,120,647,924","335,049,339,043,009","923,338,298,268,479","990,001,861,850,679","106,457,829,082,108","116,663,563,582,201","141,775,274,622,975","177,398,994,600,633","197,287,283,559,859","222,161,608,638,987","233,709,737,479,054","253,085,086,576,057","273,104,636,008,192","299,712,344,070,006","314,158,443,492,832","345,035,375,162,912"
Austria,AUT,0,"105,587,808,417,997","107,039,187,227,866","152,757,619,738,752","242,743,105,950,653","32,300,435,413,643","432,293,178,519,594","478,229,317,851,959","508,635,703,918,723","123,925,979,680,697","144,887,518,142,235","155,402,757,619,739","168,933,236,574,746","189,459,361,393,324","220,703,918,722,787","22,877,358,490,566","256,240,928,882,438","270,457,184,325,109","293,606,676,342,525","300,685,776,487,663","321,411,465,892,598","33,544,992,743,106","336,549,346,879,536"
Azerbaijan,AZE,,,,,,,,,,,,,,,,,,,,,,,
Burundi,BDI,0,20,-40,80,108,58,130,-56,"199,999,999,999,999",-92,-28,-88,-10,-20,-44,-14,10,-50,-30,156,80,116,226
Belgium,BEL,0,"641,210,374,639,769","835,734,870,317,003","18,852,065,321,806","241,978,866,474,544","333,909,702,209,414","328,482,228,626,321","365,922,190,201,729","37,187,800,192,123","118,338,136,407,301","124,625,360,230,548","134,243,515,850,144","14,588,376,560,999","169,507,684,918,348","201,560,999,039,385","207,980,307,396,734","224,375,600,384,246","239,519,692,603,266","256,059,077,809,798","258,837,656,099,904","2,736,911,623,439","294,805,475,504,323","29,652,497,598,463"
Benin,BEN,0,"-384,615,384,615,385","-153,846,153,846,154","-307,692,307,692,308","538,461,538,461,538","538,461,538,461,538","646,153,846,153,846","484,615,384,615,385","630,769,230,769,231","215,384,615,384,615","206,923,076,923,077","210,769,230,769,231","249,230,769,230,769","374,615,384,615,385","353,846,153,846,154","542,307,692,307,692","592,307,692,307,692","625,384,615,384,615","865,384,615,384,615","756,153,846,153,846","103,230,769,230,769","112,307,692,307,692","133,923,076,923,077"
Burkina Faso,BFA,0,"-173,913,043,478,261","-173,913,043,478,261","-260,869,565,217,391","-426,086,956,521,739","-252,173,913,043,478","-391,304,347,826,086","395,652,173,913,044","-434,782,608,695,658","114,782,608,695,652",140,"219,130,434,782,609","237,391,304,347,826","216,086,956,521,739","225,652,173,913,043","364,347,826,086,957","403,913,043,478,261","432,173,913,043,478","510,869,565,217,391","48,304,347,826,087","632,608,695,652,174","833,913,043,478,261","669,565,217,391,304"
Bangladesh,BGD,0,"451,923,076,923,077","471,153,846,153,846","307,692,307,692,308","558,653,846,153,846","502,884,615,384,615","310,576,923,076,923","360,576,923,076,923","601,923,076,923,077","319,230,769,230,769","320,480,769,230,769","281,538,461,538,462","336,442,307,692,308","367,5",440,"561,538,461,538,462","822,884,615,384,615",925,"109,221,153,846,154","138,730,769,230,769","142,461,538,461,538","190,567,307,692,308","179,480,769,230,769"
Bulgaria,BGR,0,"419,161,676,646,707","180,496,150,556,031","-124,037,639,007,699","-179,982,891,360,137","-183,832,335,329,341","-157,057,313,943,541","-205,303,678,357,571","-258,083,832,335,329","306,586,826,347,305","268,006,843,455,945","258,682,634,730,539","288,622,754,491,018","37,125,748,502,994","629,683,490,162,532","520,530,367,835,757","102,874,251,497,006","941,317,365,269,461","1,098,374,679,213","114,294,268,605,646","108,237,810,094,098","129,153,122,326,775","129,024,807,527,802"
Bahrain,BHR,0,"-170,731,707,317,073","-146,341,463,414,634","731,707,317,073,171","292,682,926,829,269","-102,439,024,390,244","-117,073,170,731,707","-258,536,585,365,854","-148,780,487,804,878","785,365,853,658,537","931,707,317,073,171","321,951,219,512,195",190,"218,780,487,804,878","281,951,219,512,195","332,439,024,390,244","330,975,609,756,098","292,926,829,268,293","360,975,609,756,098","391,951,219,512,195","339,512,195,121,951","283,414,634,146,341","411,463,414,634,146"
"Bahamas, The",BHS,,,,,,,,,,,,,,,,,,,,,,,
Bosnia and Herzegovina,BIH,,,,,,,,,,,,,,,,,,,,,,,
Belarus,BLR,,,,,,,,,,,,,,,,,,,,,,,
Belize,BLZ,0,100,100,0,130,30,270,-20,150,-50,100,70,380,350,470,390,80,260,860,"1,000",240,750,860
Bermuda,BMU,,,,,,,,,,,,,,,,,,,,,,,
Bolivia,BOL,0,"363,636,363,636,364","109,090,909,090,909","118,181,818,181,818","117,272,727,272,727","936,363,636,363,636","215,454,545,454,545","156,363,636,363,636",270,"209,090,909,090,909","304,545,454,545,455","282,727,272,727,273","344,545,454,545,455","309,090,909,090,909","444,545,454,545,455","535,454,545,454,545","624,545,454,545,455","778,181,818,181,818","683,636,363,636,364","617,272,727,272,727",680,"673,636,363,636,364","712,727,272,727,273"
Brazil,BRA,0,"176,893,939,393,939","928,030,303,030,303","164,015,151,515,151","30,155,303,030,303","444,469,696,969,697","703,636,363,636,364","982,613,636,363,637","121,943,181,818,182","339,75","387,859,848,484,848","455,833,333,333,333","50,130,303,030,303","614,465,909,090,909","711,378,787,878,788","941,935,606,060,606","104,295,833,333,333","120,812,121,212,121","133,226,136,363,636","143,524,621,212,121","153,706,818,181,818","169,174,621,212,121","1741,75"
Barbados,BRB,0,"384,615,384,615,385","769,230,769,230,769","461,538,461,538,462","269,230,769,230,769","-123,076,923,076,923","261,538,461,538,461","176,923,076,923,077","384,615,384,615,385","846,153,846,153,846","221,538,461,538,462","143,846,153,846,154","206,153,846,153,846","272,307,692,307,692","177,692,307,692,308",210,250,"230,769,230,769,231","168,461,538,461,538",90,"173,076,923,076,923","247,692,307,692,308","200,769,230,769,231"
Brunei Darussalam,BRN,0,100,"-428,571,428,571,429","571,428,571,428,571","357,142,857,142,857","185,714,285,714,286","385,714,285,714,286","117,142,857,142,857","204,285,714,285,714",360,"141,428,571,428,571","238,571,428,571,429",380,300,330,"381,428,571,428,571","498,571,428,571,429","528,571,428,571,429",550,"581,428,571,428,571","100,857,142,857,143","140,142,857,142,857","161,714,285,714,286"
Bhutan,BTN,,,,,,,,,,,,,,,,,,,,,,,
Botswana,BWA,0,"111,111,111,111,111","555,555,555,555,556","555,555,555,555,556","555,555,555,555,556","117,222,222,222,222","755,555,555,555,556","938,888,888,888,889",115,"447,222,222,222,222","425,555,555,555,556","455,555,555,555,556","528,333,333,333,333","567,777,777,777,778","483,888,888,888,889","889,444,444,444,444","669,444,444,444,444",735,655,"730,555,555,555,556","820,555,555,555,556","758,333,333,333,333","818,333,333,333,333"
Central African Republic,CAF,0,20,-20,-40,26,-34,12,28,-16,0,0,-28,84,78,92,162,70,96,102,186,168,110,136
Canada,CAN,0,"557,568,877,439,637","402,130,725,232,502","72,566,912,631,533","365,366,982,491,376","409,902,632,842,859","-53,311,793,214,862","-306,641,051,390,647","-339,518,840,326,594","35,759,944,112,125","352,359,952,844,606","465,589,660,743,134","560,498,624,634,327","762,825,830,677,204","100,341,003,362,005","109,377,810,767,148","12,288,957,778,457","12,835,567,392,918","13,707,898,528,577","141,977,906,824,433","146,186,962,406,672","155,077,064,140,069","152,354,276,732,306"
Central Europe and the Baltics,CEB,0,"673,549,654,944,574","196,305,043,725,316","950,987,705,913,209","114,031,106,751,451","164,351,962,806,452","206,814,614,755,681","252,590,647,015,574","29,100,459,628,573","164,904,755,837,572","175,788,412,820,595","199,485,283,555,791","220,382,613,707,646","259,913,721,419,446","316,101,209,671,564","342,522,316,892,132","384,930,927,076,936","448,273,190,566,733","478,514,430,380,773","519,234,456,909,929","555,453,070,241,628","583,841,829,245,615","611,287,072,198,571"
Switzerland,CHE,0,"906,854,706,461,135","126,762,873,073,139","208,920,957,691,046","183,994,752,377,829","241,128,238,766,809","289,586,749,754,018","309,265,332,896,031","343,801,246,310,266","940,767,464,742,539","907,510,659,232,535","919,186,618,563,463","103,930,796,982,617","125,544,440,800,262","148,463,430,632,994","165,892,095,769,105","173,901,279,107,904","180,778,943,916,038","192,502,459,822,893","20,412,430,305,018","219,509,675,303,378","238,038,701,213,513","245,365,693,670,056"
Channel Islands,CHI,,,,,,,,,,,,,,,,,,,,,,,
Chile,CHL,0,"195,360,195,360,195","708,180,708,180,708","-256,410,256,410,256","84,981,684,981,685","123,687,423,687,424","165,201,465,201,465","210,989,010,989,011","292,918,192,918,193","805,250,305,250,305","910,622,710,622,711","137,460,317,460,317","144,481,074,481,074","175,421,245,421,245","207,765,567,765,568","274,065,934,065,934","315,115,995,115,995","367,081,807,081,807","401,050,061,050,061","412,637,362,637,363","463,772,893,772,894","524,639,804,639,805","52,974,358,974,359"
China,CHN,0,"124,474,620,109,926","223,084,384,093,113","264,306,498,545,102","464,823,795,667,637","701,600,387,972,842","967,604,267,701,261","122,782,088,587,132","154,036,534,109,279","664,464,920,788,878","860,433,236,340,123","887,824,118,978,338","104,958,454,574,846","162,719,043,000,323","243,129,000,969,932","283,712,415,130,941","324,909,957,969,609","378,021,661,817,006","440,933,397,995,474","48,438,570,966,699","558,158,422,243,776","591,419,980,601,358","638,940,349,175,558"
Cote d'Ivoire,CIV,0,"277,777,777,777,778","-111,111,111,111,111","305,555,555,555,556","108,333,333,333,333","-136,111,111,111,111","111,111,111,111,111","497,222,222,222,222","330,555,555,555,556","947,222,222,222,222","107,777,777,777,778","966,666,666,666,667","156,388,888,888,889","199,444,444,444,444","184,444,444,444,444","186,944,444,444,444","328,611,111,111,111","517,5","428,333,333,333,333","475,833,333,333,333","507,777,777,777,778","511,111,111,111,111",370
Cameroon,CMR,0,"740,740,740,740,741","388,888,888,888,889","555,555,555,555,556","222,222,222,222,222","12,037,037,037,037","542,592,592,592,593","374,074,074,074,074","307,407,407,407,407","118,703,703,703,704","15,462,962,962,963","211,851,851,851,852",265,"284,444,444,444,444","421,666,666,666,667","514,259,259,259,259","579,074,074,074,074","534,814,814,814,815","588,148,148,148,148","643,333,333,333,333","734,814,814,814,815","746,481,481,481,482","875,555,555,555,555"
"Congo, Dem, Rep,",COD,0,"238,095,238,095,238",0,"-952,380,952,380,952","-809,523,809,523,809","-342,857,142,857,143","-247,619,047,619,048","-671,428,571,428,571","-714,285,714,285,714","-914,285,714,285,714","-904,761,904,761,905","-923,809,523,809,524",-90,"-833,333,333,333,333","-742,857,142,857,143","-614,285,714,285,714","-657,142,857,142,857",-60,"-228,571,428,571,429","-128,571,428,571,429","-347,619,047,619,048","19,047,619,047,619","-219,047,619,047,619"
"Congo, Rep,",COG,0,"285,714,285,714,286","-428,571,428,571,429","-285,714,285,714,286","-585,714,285,714,286","-292,857,142,857,143","-457,142,857,142,857",-15,"-107,142,857,142,857","657,142,857,142,857","478,571,428,571,429","123,571,428,571,429",235,"235,714,285,714,286",365,"353,571,428,571,429","425,714,285,714,286",435,"407,142,857,142,857","555,714,285,714,286",580,"715,714,285,714,286","877,142,857,142,857"
Colombia,COL,0,"179,245,283,018,868","150,943,396,226,415","367,924,528,301,887","531,132,075,471,698","836,792,452,830,189","121,603,773,584,906","133,679,245,283,019","126,698,113,207,547","381,320,754,716,981","377,075,471,698,113","512,264,150,943,396","517,452,830,188,679","659,339,622,641,509","811,698,113,207,547","1,170","137,669,811,320,755","2,140","241,367,924,528,302","283,698,113,207,547","311,301,886,792,453","373,820,754,716,981","410,367,924,528,302"
Comoros,COM,,,,,,,,,,,,,,,,,,,,,,,
Cabo Verde,CPV,0,-100,-100,-100,-85,-65,-85,-90,-70,-85,-90,-90,20,-85,-80,105,-40,5,145,55,20,100,300
Costa Rica,CRI,0,"127,272,727,272,727","109,090,909,090,909",20,"196,363,636,363,636","358,181,818,181,818","390,909,090,909,091","321,818,181,818,182","258,181,818,181,818","115,090,909,090,909","202,727,272,727,273","193,818,181,818,182","175,454,545,454,545","284,727,272,727,273","277,636,363,636,364","291,090,909,090,909","291,636,363,636,364","347,454,545,454,545","366,909,090,909,091","380,545,454,545,455","385,636,363,636,364",438,"402,909,090,909,091"
Caribbean small states,CSS,0,0,"229,007,639,788,472","129,770,992,525,545","127,480,916,055,776","-681,025,079,159,225","-163,720,758,418,299","-57,923,178,706,696","-138,758,960,696,079","693,138,261,966,561","120,885,585,145,969","118,786,737,873,785","140,419,421,262,452","1,618,350,543,416","1,831,842,365,065","166,407,233,758,001","226,819,819,680,689","240,931,835,749,432","275,611,459,788,234","229,228,971,368,532","282,423,171,982,662","293,205,780,215,256","252,159,984,876,515"
Cuba,CUB,0,"393,617,021,276,596","202,127,659,574,468",50,"785,106,382,978,723","119,574,468,085,106","776,595,744,680,851","151,382,978,723,404","172,978,723,404,255","973,829,787,234,042","10,068,085,106,383","983,297,872,340,425","728,617,021,276,596","767,553,191,489,362","899,574,468,085,106","119,723,404,255,319","10,668,085,106,383","115,042,553,191,489","138,797,872,340,426","12,963,829,787,234","15,863,829,787,234","152,340,425,531,915","154,670,212,765,957"
Curacao,CUW,,,,,,,,,,,,,,,,,,,,,,,
Cayman Islands,CYM,,,,,,,,,,,,,,,,,,,,,,,
Cyprus,CYP,0,175,200,200,"437,5","456,25","607,5","583,75","516,25","1572,5","1341,25","1776,25","1666,25","2618,75","3,220","3822,5","4462,5","5332,5","7092,5","7656,25","8111,25","9111,25","11007,5"
Czech Republic,CZE,0,"871,225,269,003,818","148,212,426,240,889","-24,366,539,396,043","-321,589,725,789,656","-241,409,232,905,241","-200,138,840,680,319","-214,335,300,242,971","-180,874,696,286,012","702,360,291,565,429","844,706,699,062,826","963,936,133,287,053","112,901,770,218,674","135,102,395,001,736","168,042,346,407,497","198,750,433,877,126","234,984,380,423,464","260,190,905,935,439","282,724,748,351,267","328,670,600,485,942","356,515,098,923,985","371,738,979,521","386,719,888,927,456"
Germany,DEU,0,"665,370,949,618,877","356,524,643,930,882","120,623,158,917,671","143,217,224,938,504","190,846,973,792,098","257,693,826,110,723","304,473,260,651,705","304,713,170,761,335","954,899,936,226,427","100,069,847,247,107","999,623,432,232,986","104,960,065,595,676","121,489,872,149,169","148,307,570,834,219","153,075,100,974,825","165,176,288,378,025","171,706,702,298,885","183,423,426,159,312","188,909,775,577,758","199,106,562,604,391","209,082,571,593,428","206,944,942,148,258"
Djibouti,DJI,0,0,100,0,30,-80,-100,-30,-70,100,-40,30,30,90,160,90,130,180,710,590,340,550,680
Dominica,DMA,,,,,,,,,,,,,,,,,,,,,,,
Denmark,DNK,0,"966,631,355,932,203","773,305,084,745,763","180,614,406,779,661","146,742,584,745,763","156,965,042,372,881","217,531,779,661,017","249,443,855,932,203","266,763,771,186,441","764,009,533,898,305","761,175,847,457,627","791,207,627,118,644","850,662,076,271,186","102,057,733,050,847","114,804,025,423,729","121,607,521,186,441","133,689,088,983,051","139,412,076,271,186","155,617,055,084,746","169,279,661,016,949","197,725,105,932,203","224,075,741,525,424","230,572,033,898,305"
Dominican Republic,DOM,0,"-545,454,545,454,545","-181,818,181,818,182","-363,636,363,636,364","-545,454,545,454,545","-909,090,909,090,909","-436,363,636,363,636","-309,090,909,090,909",-50,10,"-363,636,363,636,364","-336,363,636,363,636","109,090,909,090,909","236,363,636,363,636","609,090,909,090,909","645,454,545,454,546","836,363,636,363,636","690,909,090,909,091","409,090,909,090,909","572,727,272,727,273","881,818,181,818,182","131,818,181,818,182","255,454,545,454,545"
Algeria,DZA,0,"132,075,471,698,113","160,377,358,490,566","179,245,283,018,868","380,188,679,245,283","467,924,528,301,887","505,660,377,358,491","475,471,698,113,208","749,056,603,773,585","232,547,169,811,321","26,877,358,490,566","341,698,113,207,547","453,867,924,528,302","672,830,188,679,245","777,358,490,566,038","113,216,981,132,075","126,396,226,415,094","162,603,773,584,906","201,047,169,811,321","203,066,037,735,849","237,169,811,320,755","289,415,094,339,623","334,575,471,698,113"
East Asia & Pacific (excluding high income),EAP,0,"10,717,287,753,336","204,131,069,347,325","255,844,798,853,418","433,321,839,840,435","64,799,305,158,207","883,188,455,714,922","112,850,378,369,252","14,210,664,114,226","615,780,331,631,753","785,282,701,600,345","814,187,799,065,708","960,306,051,125,835","148,082,897,138,492","219,886,880,862,431","257,496,316,872,975","295,067,458,024,338","34,623,990,307,589","405,190,147,353,035","44,878,351,528,221","519,866,417,636,346","551,737,055,025,286","597,971,295,913,412"
Early-demographic dividend,EAR,0,"535,838,268,061,971","817,946,302,104,665","123,438,055,867,553","143,057,703,274,423","186,687,906,236,023","225,738,366,529,836","273,422,128,751,822","321,804,354,311,074","142,461,514,254,628","159,302,315,780,583","186,640,880,427,426","216,761,282,463,456","258,496,477,636,514","307,024,905,871,331","368,251,273,401,989","423,038,979,028,033","483,200,070,621,985","563,449,226,505,837","64,761,850,355,224","768,827,574,223,401","832,323,606,738,145","879,644,141,754,326"
East Asia & Pacific,EAS,0,"117,659,764,979,494","138,843,752,321,105","238,779,953,022,043","291,389,982,934,952","406,316,878,072,614","479,574,603,352,887","581,830,630,259,445","670,958,200,070,403","201,067,469,281,826","225,058,608,062,497","233,641,560,008,636","263,083,970,772,026","352,736,204,676,873","468,112,270,895,244","528,410,627,522,212","582,226,812,449,243","649,093,359,872,864","72,873,507,719,554","791,264,294,294,458","888,171,578,917,927","930,729,775,646,317","989,028,582,958,013"
Europe & Central Asia (excluding high income),ECA,,,,,,,,,,,,,,,,,,,,,,,
Europe & Central Asia,ECS,0,"879,976,801,403,504","233,906,495,377,324","32,196,328,005,116","326,251,320,151,922","375,753,170,184,414","403,580,962,377,738","434,714,601,630,253","45,236,182,939,097","126,757,934,632,423","130,993,135,589,784","137,790,721,241,463","146,202,233,583,581","170,189,049,996,231","200,408,469,190,504","214,564,157,614,448","231,728,996,140,672","245,352,841,477,931","263,616,102,576,554","27,284,728,588,422","289,265,864,298,872","304,365,947,086,566","311,721,939,198,836"
Ecuador,ECU,0,"-379,310,344,827,586","-551,724,137,931,034","-689,655,172,413,793","182,758,620,689,655","103,448,275,862,069","524,137,931,034,483","758,620,689,655,172","-182,758,620,689,655","142,413,793,103,448","104,827,586,206,897","198,965,517,241,379","231,379,310,344,828","218,965,517,241,379","33,551,724,137,931","323,103,448,275,862","377,586,206,896,552","418,620,689,655,172","530,689,655,172,414","560,689,655,172,414","479,310,344,827,586","763,448,275,862,069","782,758,620,689,655"
"Egypt, Arab Rep,",EGY,0,"-986,703,988,803,359","-104,968,509,447,166","-342,897,130,860,742","-288,313,505,948,216","-957,312,806,158,152","-113,995,801,259,622","-107,907,627,711,687","-951,714,485,654,304","682,365,290,412,876","904,968,509,447,166","947,445,766,270,119","113,065,080,475,857","138,992,302,309,307","143,365,990,202,939","174,093,771,868,439","21,258,922,323,303","242,463,261,021,694","329,538,138,558,432","368,698,390,482,855","439,398,180,545,836","524,891,532,540,238","543,750,874,737,579"
Euro area,EMU,0,"104,374,968,555,999","113,457,423,331,767","207,263,232,586,364","244,905,519,836,097","310,124,089,099,011","354,034,203,763,802","403,522,370,847,911","415,660,644,634,962","119,133,077,931,795","126,057,516,196,282","132,566,519,562,909","142,469,941,987,519","165,973,706,081,331","197,018,879,303,529","212,360,044,297,684","228,787,776,617,987","243,360,573,476,773","260,872,322,035,046","267,552,052,072,027","282,314,414,406,172","297,429,906,215,376","301,437,861,980,095"
Eritrea,ERI,,,,,,,,,,,,,,,,,,,,,,,
Spain,ESP,0,"274,865,868,757,738","342,550,557,160,545","449,167,698,445,453","55,673,407,621,406","718,957,215,572,981","798,775,622,506,534","887,398,541,752,648","996,657,036,731,325","222,053,927,637,914","242,245,150,639,703","26,284,083,092,585","2,804,732,425,368","325,567,478,332,645","384,206,906,039,345","433,477,782,363,461","468,416,563,488,788","495,806,851,011,143","542,622,093,823,084","564,354,106,479,571","605,577,108,267,987","637,994,222,038,795","633,829,962,855,964"
Estonia,EST,,,,,,,,,,,,,,,,,,,,,,,
Ethiopia,ETH,0,"-537,634,408,602,151","-967,741,935,483,871","-752,688,172,043,011","752,688,172,043,014","462,365,591,397,849","258,064,516,129,033","-149,462,365,591,398","17,741,935,483,871","676,344,086,021,505","795,698,924,731,183","10,494,623,655,914","120,430,107,526,882","123,655,913,978,495","134,838,709,677,419","200,967,741,935,484","25,258,064,516,129","282,688,172,043,011","355,698,924,731,183","410,860,215,053,763","525,268,817,204,301","672,795,698,924,731","762,043,010,752,688"
European Union,EUU,0,"869,653,269,950,408","969,889,248,581,842","171,405,243,603,729","198,165,342,361,091","247,504,998,539,616","277,334,039,033,427","313,365,597,974,121","32,826,395,947,753","106,702,951,684,137","109,851,650,539,428","116,041,912,731,809","12,463,970,575,233","145,678,206,855,088","17,304,660,608,459","186,803,428,580,488","201,878,804,545,668","214,512,624,856,782","229,970,383,767,109","237,065,413,642,492","250,629,123,909,513","264,441,008,086,079","269,233,935,312,586"
Fragile and conflict affected situations,FCS,0,"575,139,145,829,715","-219,845,090,913,401","377,831,042,693,698","-361,698,430,273,477","-140,163,370,496,078","877,805,121,766,179","-454,335,725,057,693","-242,058,900,254,322","101,762,321,965,541","101,778,654,957,439","853,236,187,756,747","131,127,339,361,124","139,756,353,817,746","17,473,610,329,529","221,109,536,458,827","263,338,933,800,367","315,202,583,889,438","37,602,076,106,537","467,263,096,301,549","513,822,051,409,185","567,258,107,984,656","589,991,654,448,954"
Finland,FIN,0,"706,944,876,985,363","122,080,348,800,997","237,620,678,916,226","26,969,791,342,261","348,364,995,328,558","386,546,247,274,992","405,605,730,302,086","469,760,199,314,855","105,608,844,596,699","119,651,199,003,426","11,887,573,964,497","126,060,417,315,478","153,098,723,139,209","169,208,969,168,483","176,944,876,985,363","181,955,777,016,506","186,764,247,897,851","194,559,327,312,364","194,970,414,201,183","206,082,217,377,764","21,098,723,139,209","21,630,956,088,446"
Fiji,FJI,0,"-37,5","68,75","-31,25","-36,25","-43,75","-21,875","-33,125","-11,875","53,125","72,5",100,"106,875","244,375","265,625","348,75","401,25","280,625","339,375",255,"264,375","271,875",425
France,FRA,0,"112,849,732,120,078","11,510,332,511,268","201,887,915,639,085","226,613,657,623,948","264,818,436,941,917","289,306,063,440,769","334,854,154,264,818","332,825,920,571,477","102,014,201,887,916","10,410,706,692,746","10,588,102,729,824","111,964,452,759,588","129,411,939,790,799","150,161,578,365,507","162,125,180,712,646","169,938,345,097,372","181,513,308,954,843","190,542,988,349,349","193,661,025,597,415","200,480,057,828,047","207,953,057,232,758","208,506,250,531,508"
Faroe Islands,FRO,,,,,,,,,,,,,,,,,,,,,,,
"Micronesia, Fed, Sts,",FSM,,,,,,,,,,,,,,,,,,,,,,,
Gabon,GAB,0,0,"-214,285,714,285,714",0,"157,142,857,142,857","-178,571,428,571,429","335,714,285,714,286","528,571,428,571,428","664,285,714,285,714",80,"942,857,142,857,143","104,285,714,285,714",115,145,215,"207,857,142,857,143",145,"207,857,142,857,143","257,142,857,142,857","199,285,714,285,714","324,285,714,285,714","288,571,428,571,429","259,285,714,285,714"
United Kingdom,GBR,0,"614,267,834,793,492","627,284,105,131,414","137,321,652,065,081","138,863,579,474,343","156,793,491,864,831","148,533,166,458,073","154,976,220,275,344","171,161,451,814,768","75,441,802,252,816","672,818,523,153,942","711,997,496,871,089","745,707,133,917,397","870,127,659,574,468","103,144,931,163,955","112,744,180,225,282","121,057,321,652,065","12,240,675,844,806","129,681,101,376,721","129,758,448,060,075","136,235,544,430,538","142,214,518,147,685","143,635,043,804,756"
Georgia,GEO,,,,,,,,,,,,,,,,,,,,,,,
Ghana,GHA,0,"531,914,893,617,021","106,382,978,723,404","425,531,914,893,617","240,425,531,914,894","527,659,574,468,085","742,553,191,489,362","517,021,276,595,745","576,595,744,680,851","172,127,659,574,468","147,446,808,510,638","184,893,617,021,277","201,702,127,659,574","258,297,872,340,426","28,936,170,212,766","315,957,446,808,511","459,148,936,170,213","507,021,276,595,745","669,787,234,042,553","757,021,276,595,745","932,765,957,446,808","104,829,787,234,043","114,106,382,978,723"
Gibraltar,GIB,,,,,,,,,,,,,,,,,,,,,,,
Guinea,GIN,0,0,0,"-333,333,333,333,333","-666,666,666,666,667","-133,333,333,333,333","-666,666,666,666,667",0,-30,"-266,666,666,666,667",260,"113,333,333,333,333","333,333,333,333,334",240,"126,666,666,666,667","473,333,333,333,333",370,"266,666,666,666,667","243,333,333,333,333","276,666,666,666,667","253,333,333,333,333","296,666,666,666,667","283,333,333,333,333"
"Gambia, The",GMB,,,,,,,,,,,,,,,,,,,,,,,
Guinea-Bissau,GNB,0,100,200,100,60,250,330,120,590,50,120,280,700,860,810,470,"1,110",590,730,480,940,"1,210","1,100"
Equatorial Guinea,GNQ,,,,,,,,,,,,,,,,,,,,,,,
Greece,GRC,0,"863,579,474,342,929","100,750,938,673,342","235,294,117,647,059","287,922,403,003,755","407,571,964,956,195","523,153,942,428,035","634,105,131,414,268","643,241,551,939,925","205,369,211,514,393","234,818,523,153,942","269,224,030,037,547","296,088,861,076,345","37,531,914,893,617","466,677,096,370,463","557,071,339,173,968","578,241,551,939,925","621,708,385,481,852","638,560,700,876,095","630,181,476,846,058","625,844,806,007,509","630,538,172,715,895","61,153,942,428,035"
Grenada,GRD,,,,,,,,,,,,,,,,,,,,,,,
Greenland,GRL,,,,,,,,,,,,,,,,,,,,,,,
Guatemala,GTM,0,"-107,142,857,142,857","-178,571,428,571,429","-214,285,714,285,714","-303,571,428,571,429",-15,"-360,714,285,714,286","-42,5","-435,714,285,714,286","-203,571,428,571,429","-22,5","-217,857,142,857,143","-571,428,571,428,572","2,5","889,285,714,285,714","353,571,428,571,429","232,142,857,142,857","492,857,142,857,143","130,714,285,714,286","917,857,142,857,143","742,857,142,857,143","161,428,571,428,571","187,5"
Guam,GUM,,,,,,,,,,,,,,,,,,,,,,,
Guyana,GUY,0,"333,333,333,333,333","-333,333,333,333,333","-333,333,333,333,333","166,666,666,666,667","-533,333,333,333,333",5,-50,-30,"533,333,333,333,333","383,333,333,333,333","483,333,333,333,333",15,90,"236,666,666,666,667","683,333,333,333,333","133,333,333,333,333","766,666,666,666,667","683,333,333,333,333",235,"816,666,666,666,667","123,333,333,333,333","783,333,333,333,333"
High income,HIC,0,"622,655,928,469,058","646,909,832,389,219","113,956,309,139,899","113,068,683,879,591","14,430,232,710,707","153,057,208,323,108","177,881,234,707,701","186,018,898,157,956","805,594,207,808,599","823,287,279,314,247","894,466,044,050,466","969,740,982,352,717","118,509,255,779,252","141,533,235,437,474","151,870,643,025,645","160,948,152,599,439","168,340,552,958,513","17,778,052,014,304","184,862,348,940,917","19,596,526,216,272","204,405,131,868,288","206,740,210,372,413"
"Hong Kong SAR, China",HKG,0,"523,627,075,351,213","22,477,650,063,857","372,924,648,786,718",-100,-100,-100,-100,-100,-100,-100,-100,-100,-100,-100,-100,-100,-100,-100,-100,-100,-100,-100
Honduras,HND,0,"-666,666,666,666,667","-333,333,333,333,333","-444,444,444,444,444","-388,888,888,888,889","-122,222,222,222,222","177,777,777,777,778","244,444,444,444,444","377,777,777,777,778","411,111,111,111,111","-111,111,111,111,111","233,333,333,333,333",20,"555,555,555,555,556","688,888,888,888,889","377,777,777,777,778","311,111,111,111,111","822,222,222,222,222","822,222,222,222,222","147,777,777,777,778","111,111,111,111,111","184,444,444,444,444","122,222,222,222,222"
Heavily indebted poor countries (HIPC),HPC,0,"102,523,659,392,998","72,512,270,287,231","129,042,931,722,902","109,395,370,911,452","11,644,431,506,808","222,042,921,463,724","198,307,348,607,297","212,422,646,365,754","895,139,493,092,596","961,059,747,802,493","109,634,264,211,641","147,789,000,967,697","170,348,531,139,114","204,362,394,591,707","250,089,282,223,081","314,253,337,887,124","334,298,729,221,675","387,377,726,734,262","450,751,332,868,947","531,746,967,822,219","564,196,750,888,097","607,056,464,378,282"
Croatia,HRV,,,,,,,,,,,,,,,,,,,,,,,
Haiti,HTI,0,"-833,333,333,333,333",-50,"-666,666,666,666,667","-466,666,666,666,667",-80,"-716,666,666,666,667",-55,"-883,333,333,333,333","833,333,333,333,333",-35,"166,666,666,666,666","-666,666,666,666,667",25,"216,666,666,666,667","151,666,666,666,667",80,15,"866,666,666,666,667","121,666,666,666,667",185,175,"363,333,333,333,333"
Hungary,HUN,0,"996,677,740,863,787","-487,264,673,311,185","-17,718,715,393,134","-233,665,559,246,955","393,133,997,785,156","102,713,178,294,574","21,921,373,200,443","217,940,199,335,548","120,271,317,829,457","116,207,087,486,157","129,662,236,987,818","129,939,091,915,836","154,551,495,016,611","193,643,410,852,713","195,204,872,646,733","214,296,788,482,835","243,078,626,799,557","226,339,977,851,606","216,655,592,469,546","246,101,882,613,511","251,079,734,219,269","246,029,900,332,226"
IBRD only,IBD,0,"746,536,316,093,053","745,002,163,310,941","84,999,658,070,248","812,292,380,704,653","901,275,079,207,509","977,495,016,902,181","106,473,343,835,939","118,868,298,726,992","355,629,283,830,484","409,504,204,296,067","441,962,015,952,495","491,668,362,975,947","646,508,201,432,245","84,752,518,964,258","981,739,836,663,232","111,428,498,773,311","128,832,397,400,736","148,059,368,557,525","164,286,880,946,765","18,840,180,204,845","200,851,632,854,519","214,296,057,379,696"
IDA & IBRD total,IBT,0,"72,556,228,371,207","709,943,812,268,566","803,360,734,380,022","767,759,926,367,071","845,003,816,863,593","919,224,844,932,754","996,859,786,913,131","111,502,017,476,226","339,179,505,692,813","389,882,455,109,228","420,918,289,820,143","468,852,667,472,618","615,230,393,497,867","806,900,609,689,483","93,700,084,505,653","106,632,070,653,757","12,320,274,936,428","141,795,286,257,058","157,546,769,929,936","180,664,424,143,118","192,509,900,518,168","205,399,860,023,264"
IDA total,IDA,0,"425,795,783,228,183","207,070,091,742,831","138,818,955,861,651","132,219,839,570,943","509,264,924,671,703","967,413,041,480,151","442,904,166,803,294","824,166,139,185,441","10,937,679,287,496","116,466,891,773,227","127,779,109,843,488","150,947,020,210,767","180,774,758,964,955","24,307,691,681,056","315,274,313,974,684","398,625,993,795,508","449,112,333,443,817","546,059,161,018,785","636,444,484,806,919","729,018,812,984,596","763,939,823,754,531","81,577,808,236,252"
IDA blend,IDB,0,"-449,122,804,063,794","220,985,212,466,814","14,061,317,399,833","12,031,923,465,633","690,056,150,946,498","458,178,233,822,242","-242,379,196,818,931","163,101,038,238,749","11,878,601,055,179","124,834,438,540,698","140,541,208,771,785","157,035,196,061,743","189,455,793,555,113","277,247,749,801,798","372,097,010,635,327","465,348,433,997,254","530,016,898,814,017","652,774,771,680,571","754,702,592,818,603","867,042,636,711,766","87,986,891,457,855","953,509,902,084,732"
Indonesia,IDN,0,"-337,078,651,685,393","157,303,370,786,517","348,314,606,741,573","455,056,179,775,281","584,269,662,921,348","641,573,033,707,865","528,089,887,640,449","828,089,887,640,449","278,988,764,044,944","224,044,943,820,225","218,876,404,494,382","249,775,280,898,876","309,775,280,898,876","426,516,853,932,584","520,786,516,853,933","509,325,842,696,629","623,258,426,966,292","974,269,662,921,348","133,966,292,134,831","188,797,752,808,989","213,831,460,674,157","318,955,056,179,775"
IDA only,IDX,0,"16,800,804,798,401","17,908,398,687,027","128,101,581,300,444","139,065,666,379,254","989,041,325,734,435","153,128,050,245,782","123,371,547,878,817","15,815,687,977,841","959,509,132,925,952","104,303,610,995,091","109,964,139,240,374","141,422,387,288,974","167,756,001,099,074","197,378,201,838,302","240,410,567,048,937","310,638,752,522,972","342,825,024,366,568","406,432,964,122,291","48,156,600,329,651","548,473,021,999,909","61,109,177,851,815","634,979,694,806,656"
Isle of Man,IMN,,,,,,,,,,,,,,,,,,,,,,,
India,IND,0,"6,125,880,004,203","2,584,848,166,439","431,858,779,027,004","-154,355,364,085,321","247,767,153,514,762","105,705,579,489,335","449,511,400,651,465","707,575,916,780,498","11,933,172,218,136","130,581,065,461,805","148,216,875,065,672","174,242,933,697,594","201,930,230,114,532","247,694,651,675,948","302,667,857,518,125","356,247,767,153,515","415,933,592,518,651","484,705,264,263,949","592,612,167,699,905","746,016,601,870,337","827,526,531,470,001","880,870,022,065,777"
Not classified,INX,,,,,,,,,,,,,,,,,,,,,,,
Ireland,IRL,0,"33,879,781,420,765","961,748,633,879,781","276,502,732,240,437","330,819,672,131,148","370,273,224,043,716","454,426,229,508,197","661,748,633,879,781","594,426,229,508,197","169,256,830,601,093","184,371,584,699,454","205,639,344,262,295","217,409,836,065,574","304,786,885,245,902","40,151,912,568,306","413,726,775,956,284","481,748,633,879,781","513,726,775,956,284","585,136,612,021,858","647,016,393,442,623","685,737,704,918,033","656,939,890,710,383","651,256,830,601,093"
"Iran, Islamic Rep,",IRN,0,"19,047,619,047,619","388,888,888,888,889","849,206,349,206,349","121,825,396,825,397","152,142,857,142,857",210,"329,603,174,603,175","427,619,047,619,048","105,214,285,714,286","130,706,349,206,349","189,865,079,365,079","264,492,063,492,064","374,452,380,952,381","539,174,603,174,603","778,642,857,142,857","103,664,285,714,286","135,915,873,015,873","166,461,904,761,905","202,834,920,634,921","260,710,317,460,317","266,623,015,873,016","260,625,396,825,397"
Iraq,IRQ,0,"-246,913,580,246,914","-864,197,530,864,197","-172,839,506,172,839","-37,283,950,617,284","-553,086,419,753,086","-501,234,567,901,235","-695,061,728,395,062","-717,283,950,617,284","419,753,086,419,754","950,617,283,950,618","248,148,148,148,148","450,617,283,950,617","119,753,086,419,753","738,271,604,938,272","201,111,111,111,111","19,716,049,382,716","29,358,024,691,358","403,950,617,283,951","648,888,888,888,889","878,395,061,728,395","106,703,703,703,704","106,851,851,851,852"
Iceland,ISL,0,"961,538,461,538,462","173,076,923,076,923","317,307,692,307,692","499,038,461,538,462","397,115,384,615,385","371,153,846,153,846","67,5","376,923,076,923,077","959,615,384,615,385","123,461,538,461,538","183,461,538,461,538","142,307,692,307,692","188,365,384,615,385","231,923,076,923,077","234,134,615,384,615","246,057,692,307,692","308,076,923,076,923","370,192,307,692,308","429,326,923,076,923","419,038,461,538,461","503,365,384,615,385","453,75"
Israel,ISR,0,"740,816,745,331,418","144,059,101,169,711","140,775,702,852,452","178,062,794,992,818","180,114,918,941,104","241,001,436,486,764","235,440,180,586,907","216,663,246,460,086","752,903,755,386,825","753,457,828,852,863","85,637,184,485,943","902,093,166,427,252","10,517,340,447,363","109,747,588,754,361","122,905,807,510,774","127,075,723,373,692","12,958,136,671,455","127,229,632,669,813","120,324,235,583,829","126,084,547,506,669","136,355,427,867,843","131,894,110,404,268"
Italy,ITA,0,"122,223,835,099,434","108,941,791,261,431","233,851,066,918,276","29,775,729,423,719","395,979,097,111,337","408,157,932,936,565","455,653,941,065,467","475,330,236,609,087","143,088,982,435,767","151,815,938,452,606","163,347,365,365,075","183,759,616,780,375","207,665,118,304,543","235,630,715,633,619","257,613,586,877,631","283,825,664,102,192","296,841,341,268,689","318,204,383,800,261","316,334,010,741,762","328,036,725,214,109","359,504,282,188,997","381,276,672,956,888"
Jamaica,JAM,0,"-192,982,456,140,351","-701,754,385,964,912","87,719,298,245,614","228,070,175,438,596",0,"228,070,175,438,596","-178,947,368,421,053","-12,280,701,754,386","82,280,701,754,386","136,140,350,877,193","133,333,333,333,333","148,070,175,438,596","170,701,754,385,965","136,842,105,263,158","14,719,298,245,614","191,052,631,578,947","247,719,298,245,614","255,789,473,684,211","174,736,842,105,263","252,456,140,350,877","265,614,035,087,719","209,473,684,210,526"
Jordan,JOR,0,"-878,378,378,378,378","-121,621,621,621,622","-27,027,027,027,027","412,162,162,162,162","102,027,027,027,027","35,472,972,972,973","489,189,189,189,189","556,081,081,081,081","24,972,972,972,973","244,932,432,432,432","292,702,702,702,703","32,972,972,972,973","401,486,486,486,487","433,783,783,783,784","541,554,054,054,054","669,527,027,027,027","786,891,891,891,892","850,540,540,540,541","920,540,540,540,541","930,067,567,567,567","923,108,108,108,108","916,418,918,918,919"
Japan,JPN,0,"115,003,788,835,565","946,956,302,096,489","179,388,734,528,921","18,888,355,645,365","271,659,509,977,267","299,883,809,042,688","359,896,438,494,569","396,155,594,847,184","117,813,336,701,187","114,570,598,636,019","116,422,834,049,002","120,735,286,688,558","137,136,398,080,323","162,340,995,200,808","165,546,855,266,481","160,225,309,421,571","159,198,282,394,544","164,541,803,485,729","162,730,487,496,843","164,701,187,168,477","163,485,476,130,336","161,117,959,080,576"
Kazakhstan,KAZ,,,,,,,,,,,,,,,,,,,,,,,
Kenya,KEN,0,"134,615,384,615,385","330,769,230,769,231","769,230,769,230,769","103,846,153,846,154","546,153,846,153,846","457,692,307,692,307","207,692,307,692,307","-669,230,769,230,769","347,307,692,307,692","524,615,384,615,384","640,384,615,384,615","561,153,846,153,846","673,076,923,076,923","740,769,230,769,231","876,538,461,538,461","121,192,307,692,308","137,346,153,846,154","166,423,076,923,077","181,923,076,923,077","223,153,846,153,846","194,230,769,230,769","235,230,769,230,769"
Kyrgyz Republic,KGZ,,,,,,,,,,,,,,,,,,,,,,,
Cambodia,KHM,,,,,,,,,,,,,,,,,,,,,,,
Kiribati,KIR,0,-100,-100,-100,-100,-100,-70,-100,-100,-100,-50,-100,-90,-100,-100,-60,80,-100,-70,-70,-100,-100,10
"St, Kitts and Nevis",KNA,,,,,,,,,,,,,,,,,,,,,,,
"Korea, Rep,",KOR,0,"292,432,035,268,185","60,470,242,468,773","115,356,355,620,867","179,441,587,068,332","250,543,717,854,519","326,318,883,174,137","418,486,407,053,637","522,939,015,429,831","99,905,216,752,388","115,793,534,166,054","124,788,390,889,052","150,190,301,249,082","18,647,391,623,806","217,229,243,203,527","2,547,340,191,036","285,369,581,190,301","306,643,644,379,133","318,318,148,420,279","353,990,448,199,853","385,454,077,883,909","408,052,902,277,737","422,359,294,636,297"
Kuwait,KWT,0,"-502,392,344,497,608","-464,114,832,535,885","-110,047,846,889,952","-942,583,732,057,416","-478,468,899,521,504","717,703,349,282,297","123,444,976,076,555","41,578,947,368,421","120,861,244,019,139","135,933,014,354,067","124,258,373,205,742","132,153,110,047,847","157,799,043,062,201","191,961,722,488,038","215,263,157,894,737","240,382,775,119,617","25,822,966,507,177","274,593,301,435,407","254,497,607,655,502","282,153,110,047,847","292,727,272,727,273","303,732,057,416,268"
Latin America & Caribbean (excluding high income),LAC,0,"134,362,680,696,635","13,649,802,891,885","235,709,592,600,401","389,602,496,648,741","546,185,755,159,397","730,935,837,733,473","938,734,214,579,628","108,977,817,279,873","289,659,018,412,118","321,261,959,039,252","363,666,153,444,714","393,431,414,624,959","462,735,360,052,687","534,960,705,572,814","672,791,244,192,605","728,154,819,608,794","846,817,333,125,146","930,305,851,277,218","995,883,352,929,398","106,429,591,396,629","115,973,197,025,208","119,661,055,229,668"
Lao PDR,LAO,0,0,0,-100,80,-10,140,450,280,760,490,"1,090","1,670","3,600","2,160","4,180","2,520","3,400",3900,"4,270","4,720","5,940","6,800"
Lebanon,LBN,0,"106,382,978,723,404","148,936,170,212,766","319,148,936,170,213","163,829,787,234,043","331,914,893,617,021","119,574,468,085,106","118,297,872,340,426","164,468,085,106,383","658,297,872,340,425","691,702,127,659,575","630,425,531,914,894","818,936,170,212,766","925,531,914,893,617","106,808,510,638,298","122,340,425,531,915","129,702,127,659,574","143,936,170,212,766","1,520","155,702,127,659,574","18,236,170,212,766","20,531,914,893,617","213,468,085,106,383"
Liberia,LBR,0,"-285,714,285,714,286","-857,142,857,142,857","-857,142,857,142,857","-957,142,857,142,857","-857,142,857,142,857","-957,142,857,142,857","-814,285,714,285,714",-100,-100,"-871,428,571,428,571",-90,"-671,428,571,428,572","-771,428,571,428,572","-814,285,714,285,714","-328,571,428,571,429",-60,-80,"-471,428,571,428,571","-442,857,142,857,143","371,428,571,428,571","114,285,714,285,714","185,714,285,714,286"
Libya,LBY,0,"-17,5","-37,5","-22,5","-15,25",-50,"-59,5","-48,5","-55,5","45,25","13,5","-824,999,999,999,999","34,75","51,75","91,25","132,75","174,25","249,25","508,75",729,"249,5","352,5","478,5"
"St, Lucia",LCA,0,-75,25,-50,-100,-30,-75,"-32,5","-87,5","-92,5",-100,-75,-100,-100,"-92,5","-87,5","-77,5",-95,-100,"-42,5",-75,-95,-80
Latin America & Caribbean,LCN,0,"122,617,354,172,772","131,150,042,517,701","206,095,487,894,946","353,568,783,568,974","493,387,164,052,233","662,614,579,989,881","849,462,280,892,203","988,851,403,873,015","263,088,468,011,906","292,275,273,608,859","334,932,370,046,274","361,928,446,845,183","426,020,496,544,289","49,342,344,708,741","620,283,542,796,093","674,101,286,170,117","783,545,902,953,536","860,979,451,479,652","918,999,650,823,046","985,764,235,889,213","107,538,732,971,759","110,745,974,624,246"
Least developed countries: UN classification,LDC,0,"152,941,176,436,259","137,793,044,162,104","101,515,584,750,802","185,385,871,763,728","152,000,672,545,516","177,362,722,601,704","175,672,930,343,534","240,440,540,912,541","124,529,189,636,353","13,448,820,262,214","138,248,689,728,155","18,528,460,958,672","212,729,354,962,122","251,942,007,532,923","317,831,658,492,835","401,814,667,538,914","425,864,914,270,794","518,009,236,511,799","609,810,212,156,916","688,571,558,009,104","785,198,626,073,877","811,037,054,339,345"
Low income,LIC,0,"617,283,951,095,954","111,206,999,901,104","162,843,012,954,035","142,228,977,681,179","170,058,891,176,375","228,639,141,064,038","184,661,006,168,455","200,651,350,665,693","109,134,634,316,906","117,916,604,716,408","115,993,154,544,518","157,049,704,554,042","178,865,287,648,964","208,510,612,150,784","270,394,797,371,245","317,267,387,336,035","294,406,479,599,578","359,059,339,365,211","401,239,922,615,572","468,742,589,974,068","516,021,925,069,984","558,906,376,327,719"
Liechtenstein,LIE,0,0,"-12,5","62,5",60,"11,25","46,25","-33,75","107,5","102,5","12,5","-16,25","68,75","221,25","338,75",330,"212,5","313,75","158,75","251,25",265,"308,75","228,75"
Sri Lanka,LKA,0,"-238,095,238,095,238","-119,047,619,047,619","119,047,619,047,619","166,666,666,666,667","-154,761,904,761,905","-259,523,809,523,809","-595,238,095,238,095","345,238,095,238,096","135,833,333,333,333","13,702,380,952,381",170,"20,952,380,952,381","19,952,380,952,381","291,666,666,666,667","353,928,571,428,571","416,547,619,047,619","48,452,380,952,381","472,380,952,380,952","492,976,190,476,191","58,702,380,952,381","609,285,714,285,714","748,928,571,428,571"
Lower middle income,LMC,0,"422,640,384,970,797","253,446,515,674,573","266,795,797,713,584","201,060,115,922,222","20,663,955,599,972","19,466,149,997,257","217,505,315,343,767","257,348,318,349,286","151,727,828,034,913","169,079,100,424,004","180,740,190,206,539","200,403,802,984,537","236,822,101,354,867","286,487,125,227,705","341,697,594,779,389","401,769,219,291,107","464,884,409,186,768","545,705,065,027,433","64,960,235,138,033","792,012,464,381,319","869,888,886,033,633","933,007,146,268,043"
Low & middle income,LMY,0,"771,401,985,711,988","794,943,375,620,264","901,250,908,976,802","840,205,300,436,121","928,691,892,902,584","101,065,214,646,852","109,210,529,443,765","121,583,637,335,177","361,788,366,612,598","416,708,152,407,286","445,959,265,525,352","495,540,406,849,632","654,708,186,894,754","865,926,301,827,088","100,890,810,111,956","115,305,321,843,557","133,452,427,250,236","154,406,298,245,631","172,011,986,987,702","197,817,933,962,205","21,064,521,980,121","22,490,527,959,558"
Lesotho,LSO,0,-20,40,0,-50,-80,-54,-74,-48,42,86,36,28,18,-6,96,92,158,74,72,106,264,148
Late-demographic dividend,LTE,0,"99,683,071,202,638","125,392,079,927,626","14,291,929,031,648","138,544,550,690,647","150,861,499,382,302","163,216,438,092,127","175,511,165,130,167","192,200,859,917,948","529,050,584,071,428","611,205,049,310,539","645,990,397,539,779","709,584,695,538,767","965,136,009,995,293","130,434,595,358,829","14,995,172,919,009","169,299,848,573,478","196,678,747,027,691","225,035,145,653,178","247,181,404,502,075","280,417,258,243,905","297,997,240,556,432","319,780,692,197,722"
Lithuania,LTU,,,,,,,,,,,,,,,,,,,,,,,
Luxembourg,LUX,0,"533,333,333,333,333","466,666,666,666,667","733,333,333,333,333","853,333,333,333,333","193,333,333,333,333",124,114,"926,666,666,666,667",298,"317,333,333,333,333",418,"455,333,333,333,333","854,666,666,666,667","860,666,666,666,667","115,466,666,666,667","1,326","1,962","2,466","290,933,333,333,333","3,714","374,133,333,333,333","478,133,333,333,333"
Latvia,LVA,,,,,,,,,,,,,,,,,,,,,,,
"Macao SAR, China",MAC,,,,,,,,,,,,,,,,,,,,,,,
"St, Martin (French part)",MAF,,,,,,,,,,,,,,,,,,,,,,,
Morocco,MAR,0,"328,125","28,125","421,875","8,734,375","113,984,375","13,234,375","193,75","24,203,125","55,265,625","627,421,875","622,421,875","60,328,125","635,703,125","615,703,125","671,015,625","719,140,625","850,703,125","107,109,375","1,215,390,625","1,498,203,125","17,596,875","18,815,625"
Monaco,MCO,0,"555,555,555,555,556","222,222,222,222,222","666,666,666,666,667","511,111,111,111,111",130,"477,777,777,777,778","122,222,222,222,222","152,222,222,222,222","477,777,777,777,778","176,666,666,666,667",140,"196,666,666,666,667","318,888,888,888,889","317,777,777,777,778","294,444,444,444,444","228,888,888,888,889","301,111,111,111,111","413,333,333,333,333","376,666,666,666,667","423,333,333,333,333","238,888,888,888,889","282,222,222,222,222"
Moldova,MDA,,,,,,,,,,,,,,,,,,,,,,,
Madagascar,MDG,,,,,,,,,,,,,,,,,,,,,,,
Maldives,MDV,0,0,-100,-100,0,50,-100,80,100,-50,410,-100,140,130,220,410,370,-10,200,180,570,810,430
Middle East & North Africa,MEA,0,"332,266,798,330,664","828,205,759,742,989","121,905,359,579,331","167,098,676,894,421","167,676,345,093,699","230,520,591,603,689","259,699,594,593,181","281,514,755,974,037","119,567,448,543,127","133,080,027,309,256","152,828,331,914,915","180,326,840,513,852","222,634,124,970,832","263,628,044,162,496","331,040,103,326,818","39,432,689,568,206","474,243,516,574,146","564,451,231,123,129","649,774,600,339,007","793,533,526,625,726","857,119,535,717,417","883,721,620,405,107"
Mexico,MEX,0,"234,750,462,107,209","388,170,055,452,865","536,968,576,709,797","790,480,591,497,227","962,939,001,848,429","112,726,432,532,347","145,739,371,534,196","166,497,227,356,747","342,486,136,783,734","380,018,484,288,355","417,301,293,900,185","485,018,484,288,355","559,500,924,214,418","654,731,977,818,854","749,482,439,926,063","764,001,848,428,836","850,924,214,417,745","889,001,848,428,836","944,482,439,926,063","997,689,463,955,638","105,182,994,454,714","111,186,691,312,384"
Marshall Islands,MHL,,,,,,,,,,,,,,,,,,,,,,,
Middle income,MIC,0,"773,760,789,050,893","805,063,564,910,552","912,179,164,864,785","850,494,102,486,279","939,954,944,805,236","102,223,704,757,681","110,581,877,938,244","12,313,170,425,103","365,741,589,728,563","421,413,911,376,543","45,118,185,596,958","500,860,518,690,567","662,274,019,743,354","876,459,443,887,773","102,071,565,993,122","116,641,799,975,615","135,128,713,546,269","15,631,506,475,914","174,137,416,249,896","200,250,970,976,305","213,207,044,824,685","227,627,276,346,457"
"Macedonia, FYR",MKD,,,,,,,,,,,,,,,,,,,,,,,
Mali,MLI,0,-25,"12,5","62,5",65,"98,75","61,25",95,"33,75","97,5",225,"288,75","361,25",310,435,"563,75","567,5",530,"713,75","671,25",865,"953,75","702,5"
Malta,MLT,0,50,"87,5","62,5","127,5","43,75","182,5","152,5","132,5","382,5","462,5","538,75","828,75","642,5","793,75","872,5","1231,25","2152,5","1,795","2146,25","2301,25","2,880","3,140"
Myanmar,MMR,0,"857,142,857,142,857","285,714,285,714,286",100,"122,857,142,857,143","-257,142,857,142,857","-385,714,285,714,286","-242,857,142,857,143","414,285,714,285,714","842,857,142,857,143","671,428,571,428,571",80,"642,857,142,857,143","125,714,285,714,286","624,285,714,285,714","338,571,428,571,429","425,714,285,714,286",760,"113,428,571,428,571","692,857,142,857,143","127,714,285,714,286","598,571,428,571,429","445,714,285,714,286"
Middle East & North Africa (excluding high income),MNA,0,"-221,434,899,257,236","-407,440,212,530,947","628,045,109,867,882","124,184,555,667,163","117,090,379,666,436","21,989,794,791,741","320,678,448,872,005","4,546,979,918,478","198,023,866,170,625","237,285,596,787,346","285,863,447,553,749","354,851,791,925,007","466,859,850,499,459","588,240,968,368,844","78,514,967,244,469","990,358,351,924,227","124,848,977,694,614","153,584,850,321,809","180,447,863,063,717","222,193,454,393,595","236,571,026,562,542","239,057,953,229,675"
Montenegro,MNE,,,,,,,,,,,,,,,,,,,,,,,
Mongolia,MNG,0,"-142,857,142,857,143",0,"-142,857,142,857,143","-407,142,857,142,857",35,"207,142,857,142,857","-385,714,285,714,286","-128,571,428,571,429","642,857,142,857,143",55,"764,285,714,285,714","123,571,428,571,429",100,"181,428,571,428,571","259,285,714,285,714","626,428,571,428,571","556,428,571,428,571","629,285,714,285,714","567,142,857,142,857","627,142,857,142,857","792,857,142,857,143","107,071,428,571,429"
Northern Mariana Islands,MNP,,,,,,,,,,,,,,,,,,,,,,,
Mozambique,MOZ,0,"-12,5","62,5","-12,5",60,"-17,5","18,75","82,5","73,75","126,25","283,75","161,25",205,"286,25","331,25","466,25","421,25","462,5","636,25","457,5","811,25",655,"747,5"
Mauritania,MRT,0,-100,300,100,110,250,110,70,120,490,640,590,390,540,950,630,800,400,530,560,"1,360","1,270","1,520"
Mauritius,MUS,0,"-285,714,285,714,286","142,857,142,857,143","714,285,714,285,714","-857,142,857,142,857","-271,428,571,428,571","-528,571,428,571,429","171,428,571,428,571","138,571,428,571,429","602,857,142,857,143","535,714,285,714,286","718,571,428,571,429","551,428,571,428,571","685,714,285,714,286","701,428,571,428,571","742,857,142,857,143",730,"827,142,857,142,857","1,000","115,571,428,571,429","742,857,142,857,143","136,571,428,571,429","146,428,571,428,571"
Malawi,MWI,0,"-444,444,444,444,444","740,740,740,740,741","37,037,037,037,037","418,518,518,518,518","685,185,185,185,185","492,592,592,592,592","144,444,444,444,444","348,148,148,148,148","13,037,037,037,037","148,148,148,148,148","167,777,777,777,778","181,481,481,481,481","193,703,703,703,704","200,740,740,740,741","213,333,333,333,333","375,555,555,555,556","438,518,518,518,519","335,555,555,555,556","448,148,148,148,148","532,962,962,962,963","530,740,740,740,741","47,962,962,962,963"
Malaysia,MYS,0,-5,"126,923,076,923,077","326,923,076,923,077","406,923,076,923,077","393,076,923,076,923","342,307,692,307,692","488,846,153,846,154","813,076,923,076,923","380,346,153,846,154","314,961,538,461,539","362,153,846,153,846","413,730,769,230,769","665,346,153,846,154","819,615,384,615,385","111,369,230,769,231","138,103,846,153,846","229,084,615,384,615","318,834,615,384,615","423,873,076,923,077","565,469,230,769,231","595,019,230,769,231","671,542,307,692,308"
North America,NAC,0,"282,410,863,743,866","198,369,888,381,073","341,880,341,801,554","731,612,863,749,438","391,853,041,016,219","-202,159,343,797,666","-197,581,574,058,124","-312,952,360,660,387","423,935,311,901,589","420,370,831,101,425","500,853,317,575,626","547,200,324,465,146","730,783,982,802,336","888,732,147,191,081","931,877,944,442,343","972,779,114,465,446","100,332,429,732,942","10,391,825,478,223","109,084,584,921,556","114,714,315,996,946","118,137,176,215,645","11,682,764,910,404"
Namibia,NAM,0,"181,818,181,818,182",0,"545,454,545,454,545","-127,272,727,272,727","654,545,454,545,454","209,090,909,090,909","663,636,363,636,364","336,363,636,363,636",70,"302,727,272,727,273","239,090,909,090,909","271,818,181,818,182","170,909,090,909,091","346,363,636,363,636","226,363,636,363,636","261,818,181,818,182","213,636,363,636,364","225,454,545,454,545","292,727,272,727,273","354,545,454,545,455","496,363,636,363,636","620,909,090,909,091"
New Caledonia,NCL,,,,,,,,,,,,,,,,,,,,,,,
Niger,NER,0,"833,333,333,333,333",75,"916,666,666,666,667","691,666,666,666,667","633,333,333,333,333","131,666,666,666,667","115,833,333,333,333","333,333,333,333,333","133,333,333,333,333","103,333,333,333,333","52,5",90,"791,666,666,666,667","833,333,333,333,333","143,333,333,333,333","147,5","124,166,666,666,667","345,833,333,333,333","462,5","175,833,333,333,333",160,"197,5"
Nigeria,NGA,0,"-737,134,909,596,662","-159,944,367,176,634","-346,314,325,452,017","-374,687,065,368,567","-395,410,292,072,323","-392,350,486,787,204","-441,307,371,349,096","-420,723,226,703,755","278,025,034,770,515","215,020,862,308,762","432,267,037,552,156","531,015,299,026,426","76,105,702,364,395","122,573,018,080,668","218,178,025,034,771","292,058,414,464,534","301,585,535,465,925","404,005,563,282,337","465,104,311,543,811","519,763,560,500,695","443,087,621,696,801","408,164,116,828,929"
Nicaragua,NIC,0,"-12,5","-12,5",-50,-45,"11,25","63,75","-18,75","375,000,000,000,001","52,5","47,5","-22,5",85,"103,75","157,5","308,75",185,"291,25",265,"302,5","296,25","317,5","252,5"
Netherlands,NLD,0,"943,993,667,128,439","124,084,702,157,134","183,554,324,163,863","196,259,647,734,019","228,260,439,342,965","231,377,399,564,615","236,928,557,292,697","204,056,995,844,053","708,707,698,396,992","720,463,091,232,931","814,476,548,584,999","85,419,552,740,946","105,150,405,699,584","132,347,120,522,462","138,024,935,681,773","148,505,838,115,971","156,971,106,273,501","17,674,252,919,058","179,760,538,294,083","189,201,464,476,549","199,446,863,249,555","200,934,098,555,314"
Norway,NOR,0,"104,868,913,857,678","973,782,771,535,581","16,729,088,639,201","215,147,732,001,665","220,058,260,507,699","233,832,709,113,608","264,544,319,600,499","266,125,676,238,036","93,270,911,360,799","974,406,991,260,924","994,881,398,252,185","104,456,928,838,951","127,199,334,165,626","171,431,543,903,454","188,822,305,451,519","211,801,914,273,824","220,079,067,831,877","258,522,679,983,354","267,286,724,927,174","292,967,124,427,799","317,802,746,566,791","310,054,099,042,863"
Nepal,NPL,0,25,5,20,60,48,"93,5",87,"99,5","336,5",435,457,867,852,"1,158","1,332","1,556","1,383","1717,5","1,681","1653,5","1,924","2110,5"
Nauru,NRU,,,,,,,,,,,,,,,,,,,,,,,
New Zealand,NZL,0,"718,363,463,368,221","732,635,585,156,993","167,459,562,321,598","161,893,434,823,977","225,261,655,566,127","297,002,854,424,358","332,873,453,853,473","386,964,795,432,921","901,569,933,396,765","922,882,968,601,332","930,589,914,367,269","101,379,638,439,581","120,547,098,001,903","143,225,499,524,263","159,029,495,718,363","177,055,185,537,583","192,159,847,764,034","203,534,728,829,686","214,062,797,335,871","24,069,933,396,765","251,955,280,685,062","244,638,439,581,351"
OECD members,OED,0,"613,596,008,367,709","613,506,794,447,866","109,303,841,390,972","108,415,084,542,086","139,121,477,904,979","147,767,386,419,399","172,597,169,962,007","180,865,456,950,999","793,236,282,626,778","811,431,543,022,286","886,440,262,324,448","96,218,085,976,281","117,199,223,029,181","139,842,295,335,357","150,116,671,644,347","158,958,155,620,581","165,825,615,840,643","175,167,531,784,193","181,871,170,574,073","192,270,760,573,315","200,795,460,811,424","20,331,533,347,854"
Oman,OMN,0,"15,625","31,25","43,75","784,375","609,375","96,875","1,484,375","179,375","447,5","620,625","6,165,625","782,5","816,875","8,828,125","9,196,875","10,721,875","1062,5","12,240,625","13,771,875","17,853,125","17,384,375","1,955"
Other small states,OSS,,,,,,,,,,,,,,,,,,,,,,,
Pakistan,PAK,0,"-120,634,920,634,921","107,936,507,936,508","285,714,285,714,286","-571,428,571,428,575","-190,793,650,793,651","-148,888,888,888,889","-148,888,888,888,889","-606,349,206,349,207","223,079,365,079,365","256,476,190,476,191","297,968,253,968,254","307,111,111,111,111","394,095,238,095,238","610,349,206,349,206","784,825,396,825,397","95,952,380,952,381","116,473,015,873,016","146,961,904,761,905","170,228,571,428,571","202,657,142,857,143","211,606,349,206,349","236,714,285,714,286"
Panama,PAN,0,"-285,714,285,714,286",0,0,"857,142,857,142,849","-314,285,714,285,715","914,285,714,285,715","-171,428,571,428,572","265,714,285,714,286","202,857,142,857,143",58,"277,142,857,142,857","797,142,857,142,857","965,714,285,714,286","132,571,428,571,429","139,714,285,714,286","189,428,571,428,571","239,428,571,428,571","237,142,857,142,857","245,714,285,714,286","271,428,571,428,571","342,285,714,285,714",350
Peru,PER,0,"428,571,428,571,429","-571,428,571,428,571","-857,142,857,142,857","-700,000,000,000,001","-28,571,428,571,429","714,285,714,285,714","-628,571,428,571,429","-117,142,857,142,857","795,714,285,714,286",83,"835,714,285,714,286","167,142,857,142,857","177,714,285,714,286","209,857,142,857,143","306,142,857,142,857","315,142,857,142,857","393,428,571,428,571","467,857,142,857,143","566,857,142,857,143","679,571,428,571,429","705,571,428,571,429","825,428,571,428,571"
Philippines,PHL,0,"135,135,135,135,135",0,"-472,972,972,972,973","-222,972,972,972,974","662,162,162,162,163","151,351,351,351,351","158,108,108,108,108","187,837,837,837,838","111,013,513,513,514","879,054,054,054,054","147,567,567,567,568","134,797,297,297,297","132,432,432,432,432","189,459,459,459,459",180,"209,324,324,324,324","255,337,837,837,838","295,608,108,108,108","340,743,243,243,243","468,581,081,081,081","469,189,189,189,189","518,783,783,783,784"
Palau,PLW,,,,,,,,,,,,,,,,,,,,,,,
Papua New Guinea,PNG,0,"-714,285,714,285,714","-476,190,476,190,476","238,095,238,095,238","-357,142,857,142,857","-278,571,428,571,429","-311,904,761,904,762","-195,238,095,238,095","-219,047,619,047,619","347,619,047,619,048","538,095,238,095,238","283,333,333,333,333",30,"-428,571,428,571,428","-188,095,238,095,238","-357,142,857,142,857","371,428,571,428,571","421,428,571,428,571","404,761,904,761,905","221,428,571,428,571","952,380,952,380,952","442,857,142,857,143","380,952,380,952,381"
Poland,POL,0,"495,024,240,877,775","-181,168,665,475,887","311,303,904,057,157","160,857,361,571,829","150,012,758,356,724","164,965,552,436,846","221,178,872,161,266","301,403,419,239,602","179,362,082,163,817","203,005,868,844,093","239,247,256,953,304","268,047,971,421,281","324,776,728,757,336","373,041,592,242,919","417,877,009,441,184","420,012,758,356,724","466,825,720,847,155","479,785,659,607,043","504,904,312,324,573","539,048,226,588,415","590,602,194,437,357","633,689,716,764,481"
Pre-demographic dividend,PRE,0,"158,730,160,346,986","330,687,861,518,511","-118,066,208,665,861","-146,848,985,375,661","-17,766,160,562,608","-14,593,736,922,174","-16,843,190,003,232","-192,091,934,498,687","45,869,244,526,622","491,400,192,481,799","653,548,589,700,576","835,606,820,045,746","101,796,919,027,437","138,342,338,627,142","203,303,860,380,536","262,186,648,563,019","277,836,801,585,712","348,170,928,112,445","410,133,827,420,656","476,823,793,287,372","450,146,590,167,845","451,071,318,772,659"
Puerto Rico,PRI,,,,,,,,,,,,,,,,,,,,,,,
"Korea, Dem, Peoples Rep,",PRK,0,"-333,333,333,333,333","-666,666,666,666,667",-100,-100,-100,"-833,333,333,333,333","-166,666,666,666,667","-266,666,666,666,667","646,666,666,666,667","1,650","143,666,666,666,667","866,666,666,666,667","234,666,666,666,667","286,666,666,666,667","4,080","276,333,333,333,333","983,333,333,333,333","246,333,333,333,333","306,666,666,666,667","413,333,333,333,333",640,"1,410"
Portugal,PRT,0,"11,25","240,625","428,125","54,734,375","71,359,375","9,609,375","121,625","167,296,875","380,984,375","433,921,875","478,140,625","55,671,875","674,734,375","79,428,125","988,984,375","1,048,515,625","122,328,125","13,576,875","150,678,125","1,714,140,625","187,234,375","20,180,625"
Paraguay,PRY,0,150,-50,-25,60,"117,5","72,5",135,"32,5",180,"282,5",265,270,"532,5",570,"602,5",675,"867,5",810,"857,5","1297,5","1,340","1,425"
West Bank and Gaza,PSE,,,,,,,,,,,,,,,,,,,,,,,
Pacific island small states,PSS,0,"-799,999,997,347,525","489,523,809,916,108","-123,809,523,854,103","-306,666,666,495,036","-36,288,288,286,222","-215,701,414,687,535","-214,623,566,578,884","260,054,497,868,216","637,241,863,870,387","723,628,997,264,757","965,464,698,745,944","117,652,131,060,019","206,763,329,629,509","237,677,463,642,533","321,304,159,587,793","341,254,495,514,065","223,586,630,160,669","279,148,058,805,471","268,723,266,024,629","259,913,470,081,085","229,223,174,199,026","340,027,099,630,907"
Post-demographic dividend,PST,0,"609,945,803,880,477","693,957,935,995,643","117,505,837,731,395","112,023,956,949,686","141,425,006,679,407","148,592,143,562,397","171,977,587,238,875","179,617,445,828,205","788,209,487,375,417","801,740,883,303,324","866,400,914,031,556","934,862,823,111,084","114,024,626,484,289","136,217,427,297,632","145,459,075,616,722","153,994,406,376,677","160,331,639,088,495","169,022,883,200,047","175,318,921,206,383","18,516,240,421,465","193,088,771,745,795","194,718,644,123,875"
French Polynesia,PYF,,,,,,,,,,,,,,,,,,,,,,,
Qatar,QAT,0,"571,428,571,428,571","-857,142,857,142,857","285,714,285,714,286","-328,571,428,571,429","-194,285,714,285,714","-365,714,285,714,286","-185,714,285,714,286","-348,571,428,571,429","274,285,714,285,714","108,857,142,857,143","154,285,714,285,714",188,"293,142,857,142,857","379,428,571,428,571","424,571,428,571,429","595,428,571,428,571","697,428,571,428,572","827,142,857,142,857","1,038","120,742,857,142,857","166,057,142,857,143","210,057,142,857,143"
Romania,ROU,0,"437,974,683,544,304","283,544,303,797,468","708,860,759,493,671","716,455,696,202,532","108,481,012,658,228","132,126,582,278,481","114,430,379,746,835","13,220,253,164,557",420,"406,151,898,734,177","405,746,835,443,038","426,582,278,481,013","498,177,215,189,873","706,227,848,101,266","72,873,417,721,519","111,081,012,658,228","1,620","213,812,658,227,848","253,151,898,734,177","249,873,417,721,519","258,503,797,468,354","272,622,784,810,127"
Russian Federation,RUS,,,,,,,,,,,,,,,,,,,,,,,
Rwanda,RWA,0,200,225,150,140,"47,5",25,65,"-32,5",-20,"249,999,999,999,999","-32,5",5,145,"82,5",350,"442,5","557,5","727,5","1,255","1,295","1467,5","2177,5"
South Asia,SAS,0,"592,511,447,631,458","327,623,979,386,172","456,084,443,197,314","-765,783,713,651,233","224,496,554,444,066","833,501,704,166,466","434,836,683,113,675","737,959,586,518,349","125,216,135,315,473","137,180,726,896,898","155,195,701,153,266","181,867,066,301,524","211,107,669,608,073","263,386,203,285,435","323,231,838,595,057","383,120,299,038,949","447,352,024,844,553","524,564,746,000,892","63,742,391,380,396","79,429,536,843,683","880,009,376,712,539","938,829,200,666,379"
Saudi Arabia,SAU,0,"65,252,854,812,398","163,132,137,030,995","197,389,885,807,504","228,711,256,117,455","198,205,546,492,659","103,099,510,603,589","113,703,099,510,604","-132,137,030,995,106","140,081,566,068,515","140,995,106,035,889","147,699,836,867,863","170,783,034,257,749","175,562,805,872,757","181,272,430,668,842","205,921,696,574,225","226,590,538,336,052","264,257,748,776,509","372,267,536,704,731","512,707,993,474,715","74,910,277,324,633","91,584,013,050,571","114,561,174,551,387"
Sudan,SDN,0,"757,575,757,575,758","-166,666,666,666,667","-272,727,272,727,273","-26,969,696,969,697","-306,060,606,060,606","-363,636,363,636,364","-210,606,060,606,061","-346,969,696,969,697","-242,424,242,424,242","-128,787,878,787,879","-151,515,151,515,152","295,454,545,454,545","513,636,363,636,364","524,242,424,242,424","645,454,545,454,545","123,636,363,636,364","186,212,121,212,121",300,"369,393,939,393,939","418,030,303,030,303","373,333,333,333,333","468,333,333,333,333"
Senegal,SEN,,,,,,,,,,,,,,,,,,,,,,,
Singapore,SGP,0,"260,434,056,761,269","425,709,515,859,766","706,176,961,602,671","90,550,918,196,995","905,175,292,153,589","123,455,759,599,332","164,474,123,539,232","216,727,879,799,666","609,348,914,858,097","650,517,529,215,359","697,762,938,230,384","79,195,325,542,571","110,736,227,045,075","119,500,834,724,541","123,315,525,876,461","123,808,013,355,593","131,375,626,043,406","136,906,510,851,419","150,550,918,196,995","155,217,028,380,634","1,670","167,938,230,383,973"
Solomon Islands,SLB,0,-40,-60,-40,-86,-64,-10,-12,54,-24,-56,-82,"-199,999,999,999,999",-48,-38,32,-14,-42,-32,56,48,0,-14
Sierra Leone,SLE,0,-10,-50,-40,-62,4,"-699,999,999,999,999",-78,-87,-55,-64,-66,-75,-56,-35,-49,-43,-9,9,22,39,63,50
El Salvador,SLV,0,-50,0,50,-5,85,-5,-100,-45,310,680,705,495,"1,270","1,065","1,135",665,970,"1,815","2,580","1,990","1,880","1,670"
San Marino,SMR,,,,,,,,,,,,,,,,,,,,,,,
Somalia,SOM,0,-25,"-62,5","-62,5","-82,5",-90,"-93,75",-100,"-93,75","-96,25",-100,"-91,25","-77,5","-86,25",-100,"-87,5",-100,"-86,25","-77,5",-60,"-63,75","-82,5","-21,25"
Serbia,SRB,,,,,,,,,,,,,,,,,,,,,,,
Sub-Saharan Africa (excluding high income),SSA,0,"-135,229,656,831,875","-298,399,297,969,239","-447,439,732,743,473","-836,230,527,789,799","-115,724,564,045,431","-100,636,627,141,365","-110,583,231,653,223","-937,680,040,869,265","490,616,963,547,394","527,253,825,258,023","692,985,261,559,059","755,188,210,918,543","94,981,885,981,692","114,989,093,473,212","154,389,331,673,325","183,355,362,291,036","198,013,276,452,413","243,862,170,070,425","279,783,502,293,344","32,572,741,279,803","32,973,229,113,873","351,344,919,102,253"
South Sudan,SSD,,,,,,,,,,,,,,,,,,,,,,,
Sub-Saharan Africa,SSF,0,"-135,198,135,377,723","-298,329,749,680,962","-447,335,484,596,559","-825,802,955,617,315","-114,787,944,498,046","-100,450,784,391,243","-110,168,661,205,424","-935,837,312,374,375","49,139,691,485,434","527,798,985,566,102","694,173,417,659,193","756,974,283,020,165","950,519,662,805,565","115,052,474,013,444","154,536,879,496,421","183,571,263,280,416","198,210,064,954,816","24,394,683,188,614","279,876,063,496,355","325,857,375,393,323","329,859,100,056,498","351,593,829,079,439"
Small states,SST,,,,,,,,,,,,,,,,,,,,,,,
Sao Tome and Principe,STP,,,,,,,,,,,,,,,,,,,,,,,
Suriname,SUR,0,0,50,50,-35,30,30,-10,70,30,115,70,70,130,140,160,190,155,125,235,110,375,660
Slovak Republic,SVK,,,,,,,,,,,,,,,,,,,,,,,
Slovenia,SVN,,,,,,,,,,,,,,,,,,,,,,,
Sweden,SWE,0,"164,639,390,588,524","501,290,084,777","102,346,725,641,971","141,073,841,995,331","17,433,345,619,855","186,275,955,277,061","208,379,407,789,655","215,100,135,151,739","691,190,563,951,345","71,426,465,167,711","669,037,965,352,009","724,339,599,459,393","841,884,752,426,588","983,941,516,156,776","101,836,834,992,014","102,801,326,944,342","100,105,664,086,497","106,800,589,753,041","112,642,830,814,596","120,528,320,432,486","131,774,173,731,417","137,889,175,574,395"
Swaziland,SWZ,0,80,-20,-20,4,26,0,26,-14,212,42,166,190,126,276,246,196,450,614,998,842,606,658
Sint Maarten (Dutch part),SXM,,,,,,,,,,,,,,,,,,,,,,,
Seychelles,SYC,0,0,0,0,450,400,70,170,70,390,290,590,860,400,390,800,"1,130","1,060",610,680,890,880,"1,440"
Syrian Arab Republic,SYR,0,"580,645,161,290,323","580,645,161,290,323","548,387,096,774,194","638,709,677,419,355","454,838,709,677,419","951,612,903,225,807","429,032,258,064,516","864,516,129,032,258","194,193,548,387,097","163,870,967,741,935","157,096,774,193,548","220,645,161,290,323","322,258,064,516,129","357,741,935,483,871","276,774,193,548,387","400,322,580,645,161","547,741,935,483,871","419,032,258,064,516","652,258,064,516,129","80,741,935,483,871","916,129,032,258,065","901,612,903,225,806"
Turks and Caicos Islands,TCA,,,,,,,,,,,,,,,,,,,,,,,
Chad,TCD,0,0,100,0,220,40,90,100,180,50,150,320,370,900,840,"1,000",450,580,850,530,790,500,600
East Asia & Pacific (IDA & IBRD countries),TEA,0,"107,358,093,820,876","204,497,227,834,931","256,226,682,908,784","433,757,690,984,653","648,494,182,878,321","883,761,106,004,543","112,887,987,948,101","142,158,439,623,472","615,710,728,648,178","784,849,164,991,645","813,853,813,221,192","960,589,474,424,142","14,803,400,268,246","219,840,927,742,734","257,411,848,742,436","295,051,153,746,682","346,315,879,611,809","405,223,156,203,744","448,922,936,594,936","520,023,851,681,342","551,895,728,075,026","598,113,220,578,944"
Europe & Central Asia (IDA & IBRD countries),TEC,,,,,,,,,,,,,,,,,,,,,,,
Togo,TGO,0,"-285,714,285,714,286","142,857,142,857,143","-142,857,142,857,143",30,"-428,571,428,571,429","-257,142,857,142,857","414,285,714,285,714","414,285,714,285,714","367,142,857,142,857",270,"161,428,571,428,571","257,142,857,142,857","222,857,142,857,143","271,428,571,428,571","312,857,142,857,143","378,571,428,571,429","471,428,571,428,571","504,285,714,285,714","612,857,142,857,143","651,428,571,428,571","674,285,714,285,714","887,142,857,142,857"
Thailand,THA,0,"671,140,939,597,315","63,758,389,261,745","285,234,899,328,859","139,597,315,436,242","297,315,436,241,611","36,006,711,409,396","814,765,100,671,141","843,959,731,543,624","419,630,872,483,221","475,402,684,563,758","529,865,771,812,081","606,241,610,738,255","801,912,751,677,852","107,392,617,449,664","133,322,147,651,007","150,674,496,644,295","181,580,536,912,752","190,976,510,067,114","223,765,100,671,141","24,346,644,295,302","270,694,630,872,483","279,624,161,073,825"
Tajikistan,TJK,,,,,,,,,,,,,,,,,,,,,,,
Turkmenistan,TKM,,,,,,,,,,,,,,,,,,,,,,,
Latin America & the Caribbean (IDA & IBRD countries),TLA,0,"118,445,760,528,804","13,043,478,262,125","201,791,131,046,539","348,028,311,447,317","485,146,786,622,623","66,213,049,732,398","841,975,665,880,723","98,091,147,675,854","253,843,734,961,053","282,733,711,973,793","326,532,667,575,128","357,284,960,275,813","421,762,406,758,309","488,553,065,619,964","613,318,813,396,978","669,601,426,841,647","779,739,200,239,322","855,227,881,831,341","915,562,380,070,363","979,253,129,287,281","107,104,265,352,482","11,032,749,601,909"
Timor-Leste,TLS,,,,,,,,,,,,,,,,,,,,,,,
Middle East & North Africa (IDA & IBRD countries),TMN,0,"-221,434,900,239,356","-407,440,214,325,708","62,804,510,977,105","124,184,555,898,456","117,090,379,856,697","219,897,948,083,036","320,678,449,132,985","454,697,992,191,414","198,023,866,197,585","237,837,627,230,426","286,370,148,148,626","355,349,240,379,587","468,234,932,417,264","589,857,006,896,916","787,463,139,862,062","993,404,742,106,187","125,242,107,923,607","15,406,203,701,207","181,023,226,941,546","22,299,927,567,107","237,407,037,395,724","239,965,392,052,332"
Tonga,TON,0,0,-100,0,60,-100,10,-50,-20,-70,-20,80,40,10,-30,170,240,-50,190,40,90,30,30
South Asia (IDA & IBRD),TSA,0,"592,511,447,631,458","327,623,979,386,172","456,084,443,197,314","-765,783,713,651,233","224,496,554,444,066","833,501,704,166,466","434,836,683,113,675","737,959,586,518,349","125,216,135,315,473","137,180,726,896,898","155,195,701,153,266","181,867,066,301,524","211,107,669,608,073","263,386,203,285,435","323,231,838,595,057","383,120,299,038,949","447,352,024,844,553","524,564,746,000,892","63,742,391,380,396","79,429,536,843,683","880,009,376,712,539","938,829,200,666,379"
Sub-Saharan Africa (IDA & IBRD countries),TSS,0,"-135,198,135,377,723","-298,329,749,680,962","-447,335,484,596,559","-825,802,955,617,315","-114,787,944,498,046","-100,450,784,391,243","-110,168,661,205,424","-935,837,312,374,375","49,139,691,485,434","527,798,985,566,102","694,173,417,659,193","756,974,283,020,165","950,519,662,805,565","115,052,474,013,444","154,536,879,496,421","183,571,263,280,416","198,210,064,954,816","24,394,683,188,614","279,876,063,496,355","325,857,375,393,323","329,859,100,056,498","351,593,829,079,439"
Trinidad and Tobago,TTO,0,"130,434,782,608,696","130,434,782,608,696","217,391,304,347,826","499,999,999,999,999","-499,999,999,999,999","-106,521,739,130,435",15,"-158,695,652,173,913","871,739,130,434,783","118,260,869,565,217","141,521,739,130,435","160,217,391,304,348","174,347,826,086,957","262,608,695,652,174","201,739,130,434,783",285,"261,086,956,521,739","368,478,260,869,565","329,347,826,086,957","394,130,434,782,609","341,521,739,130,435","247,608,695,652,174"
Tunisia,TUN,0,"826,446,280,991,736","-247,933,884,297,521","115,702,479,338,843","181,818,181,818,182","325,619,834,710,744","819,834,710,743,801","874,380,165,289,256","112,231,404,958,678","387,603,305,785,124","48,900,826,446,281","648,842,975,206,612","70,595,041,322,314","999,504,132,231,405","12,801,652,892,562","148,504,132,231,405","181,735,537,190,083","217,157,024,793,388","25,400,826,446,281","276,107,438,016,529","301,719,008,264,463","30,899,173,553,719","337,669,421,487,603"
Turkey,TUR,0,"238,770,685,579,196","385,342,789,598,109","651,300,236,406,619","102,683,215,130,024","163,356,973,995,272","19,322,695,035,461","230,378,250,591,017","280,933,806,146,572","680,283,687,943,262","877,943,262,411,348","115,144,208,037,825","139,992,907,801,418","172,771,867,612,293","197,507,092,198,582","218,982,269,503,546","242,912,529,550,827","247,874,704,491,726","284,148,936,170,213","299,371,158,392,435","313,346,335,697,399","324,860,520,094,563","34,936,524,822,695"
Tuvalu,TUV,,,,,,,,,,,,,,,,,,,,,,,
Tanzania,TZA,0,"207,792,207,792,208","220,779,220,779,221","363,636,363,636,364","25,974,025,974,026","332,467,532,467,532","277,922,077,922,078","248,051,948,051,948","132,467,532,467,533","823,376,623,376,623","58,961,038,961,039","862,337,662,337,662","113,766,233,766,234","144,675,324,675,325","162,467,532,467,532","255,454,545,454,545","276,233,766,233,766","276,623,376,623,377","309,220,779,220,779","379,220,779,220,779","438,311,688,311,688","386,493,506,493,507","392,077,922,077,922"
Uganda,UGA,0,45,120,95,"108,5","152,5","157,5","219,5","255,5","514,5",525,"532,5",579,912,984,964,"1,306","1,194","1487,5","1953,5","2,119","2173,5","2269,5"
Ukraine,UKR,,,,,,,,,,,,,,,,,,,,,,,
Upper middle income,UMC,0,"102,984,424,280,303","119,819,841,434,736","137,224,091,025,349","131,348,332,976,809","146,282,537,276,793","161,239,778,888,813","17,393,285,163,382","192,595,583,938,002","518,391,175,624,032","601,334,694,395,294","643,995,968,391,977","715,048,169,048,512","965,367,776,000,965","12,965,766,464,755","150,423,498,510,619","171,092,361,501,737","198,245,549,161,176","228,762,274,247,959","251,889,871,060,091","286,472,525,763,802","303,119,036,897,638","323,315,506,996,648"
Uruguay,URY,0,"265,625","421,875","31,25","615,625","7,328,125","1,196,875","1,196,875","13,484,375","243,75","25,390,625","3,115,625","33,203,125","36,703,125","43,515,625","4,546,875","496,25","592,5","6,596,875","69,578,125",805,"81,265,625","8,228,125"
United States,USA,0,"249,929,129,191,042","174,316,418,833,595","296,575,007,087,081","-349,509,058,577,948","-440,069,066,824,724","-219,730,433,213,927","-184,707,367,987,012","-309,816,251,320,774","431,766,100,559,235","428,399,350,565,678","505,016,107,002,036","545,630,492,487,694","727,001,520,500,992","87,519,470,144,061","912,766,023,245,625","942,545,164,033,709","970,243,537,870,783","100,003,711,053,269","105,201,608,123,083","110,999,046,465,479","113,776,512,125,351","112,633,816,972,914"
Uzbekistan,UZB,,,,,,,,,,,,,,,,,,,,,,,
"St, Vincent and the Grenadines",VCT,,,,,,,,,,,,,,,,,,,,,,,
"Venezuela, RB",VEN,0,"145,896,656,534,954","200,607,902,735,562","276,595,744,680,851","329,179,331,306,991","295,440,729,483,283","484,498,480,243,161","622,796,352,583,587","513,677,811,550,152","19,565,349,544,073","199,088,145,896,657","198,480,243,161,094","240,121,580,547,112","229,209,726,443,769","283,161,094,224,924","307,203,647,416,413","325,410,334,346,505","396,352,583,586,626","401,762,917,933,131","352,917,933,130,699","288,237,082,066,869","321,823,708,206,687","263,556,231,003,039"
British Virgin Islands,VGB,,,,,,,,,,,,,,,,,,,,,,,
"Virgin Islands (U,S,)",VIR,,,,,,,,,,,,,,,,,,,,,,,
Vietnam,VNM,0,"138,461,538,461,538","307,692,307,692,308","-615,384,615,384,615","592,307,692,307,692",80,"853,846,153,846,154","533,846,153,846,154","706,153,846,153,846","185,076,923,076,923","230,923,076,923,077","216,769,230,769,231","335,846,153,846,154","388,615,384,615,385","496,615,384,615,385","578,461,538,461,538","676,153,846,153,846","110,676,923,076,923","124,123,076,923,077","161,076,923,076,923","177,369,230,769,231","233,230,769,230,769","274,369,230,769,231"
Vanuatu,VUT,0,300,-100,100,30,20,90,-20,260,180,120,230,450,680,680,500,160,340,460,530,690,540,610
World,WLD,0,"632,571,412,809,701","114,821,979,256,669","168,007,335,151,537","162,974,128,888,803","19,814,820,044,518","211,947,387,737,339","240,669,978,884,479","256,773,949,606,905","999,097,443,534,478","105,365,573,346,026","114,012,823,121,509","124,451,640,933,989","155,517,986,447,143","191,580,427,999,587","211,113,107,164,525","229,555,236,779,822","249,020,882,291,407","272,337,863,530,183","291,137,346,749,255","319,369,185,233,788","336,117,031,966,689","34,818,358,998,677"
Samoa,WSM,0,150,100,150,30,-100,15,-25,-35,135,80,200,90,140,155,370,155,40,170,205,230,25,100
Kosovo,XKX,,,,,,,,,,,,,,,,,,,,,,,
"Yemen, Rep,",YEM,,,,,,,,,,,,,,,,,,,,,,,
South Africa,ZAF,0,"-52,115,987,460,815","-685,736,677,115,987","-364,420,062,695,925","-788,793,103,448,277","-131,818,181,818,182","-128,957,680,250,784","-128,252,351,097,179","-977,664,576,802,508","389,694,357,366,771","43,608,934,169,279","617,594,043,887,147","597,413,793,103,448","805,368,338,557,994","920,532,915,360,502","114,941,222,570,533","124,314,263,322,884","140,489,811,912,226","172,323,667,711,599","195,101,880,877,743","231,955,329,153,605","250,916,927,899,687","279,275,078,369,906"
Zambia,ZMB,0,"739,130,434,782,609","434,782,608,695,652","434,782,608,695,652","560,869,565,217,391","-217,391,304,347,826","247,826,086,956,522",30,"126,086,956,521,739","295,652,173,913,043","105,217,391,304,348","158,695,652,173,913","10,695,652,173,913","895,652,173,913,044","160,434,782,608,696","199,565,217,391,304","202,173,913,043,478","295,652,173,913,043","218,695,652,173,913",300,"368,260,869,565,217","37,304,347,826,087",410
Zimbabwe,ZWE,0,"155,339,805,825,243","203,883,495,145,631","349,514,563,106,796","825,242,718,446,602","105,825,242,718,447","216,504,854,368,932","689,320,388,349,514","174,757,281,553,398","111,553,398,058,252","91,747,572,815,534","537,864,077,669,903","642,718,446,601,942","297,087,378,640,777","261,165,048,543,689","623,300,970,873,786","64,757,281,553,398","263,106,796,116,505","154,368,932,038,835","504,854,368,932,039","454,368,932,038,835","811,650,485,436,893","104,077,669,902,913"